Date,Adj Close,Close,High,Low,Open,Volume
2013-01-02,270.55999755859375,270.55999755859375,272.7200012207031,269.6000061035156,272.0,693100
2013-01-03,269.9200134277344,269.9200134277344,271.6000061035156,269.6000061035156,270.79998779296875,489425
2013-01-04,271.0400085449219,271.0400085449219,271.1199951171875,268.55999755859375,269.6000061035156,742613
2013-01-07,271.3599853515625,271.3599853515625,271.760009765625,269.0400085449219,269.760009765625,356675
2013-01-08,271.67999267578125,271.67999267578125,272.239990234375,269.8399963378906,272.0799865722656,480188
2013-01-09,271.0400085449219,271.0400085449219,272.55999755859375,269.9200134277344,271.6000061035156,344075
2013-01-10,273.3599853515625,273.3599853515625,274.55999755859375,272.4800109863281,274.239990234375,432238
2013-01-11,272.4800109863281,272.4800109863281,272.8800048828125,269.6000061035156,270.9599914550781,445038
2013-01-14,274.239990234375,274.239990234375,274.4800109863281,270.6400146484375,272.9599914550781,393363
2013-01-15,271.9200134277344,271.9200134277344,274.1600036621094,271.3599853515625,274.0,373963
2013-01-16,274.239990234375,274.239990234375,274.6400146484375,271.67999267578125,272.32000732421875,529425
2013-01-17,277.3599853515625,277.3599853515625,279.5199890136719,276.79998779296875,277.6000061035156,830513
2013-01-18,278.1600036621094,278.1600036621094,278.4800109863281,276.32000732421875,277.6000061035156,499688
2013-01-22,280.0799865722656,280.0799865722656,280.7200012207031,278.0,278.55999755859375,549188
2013-01-23,276.8800048828125,276.8800048828125,280.0799865722656,275.0400085449219,279.3599853515625,768788
2013-01-24,278.0799865722656,278.0799865722656,280.0,277.5199890136719,278.3999938964844,601700
2013-01-25,278.239990234375,278.239990234375,279.3599853515625,276.32000732421875,278.9599914550781,477875
2013-01-28,279.5199890136719,279.5199890136719,279.9200134277344,276.55999755859375,279.67999267578125,457225
2013-01-29,282.32000732421875,282.32000732421875,283.2799987792969,280.4800109863281,281.5199890136719,738900
2013-01-30,283.9200134277344,283.9200134277344,284.239990234375,281.9200134277344,283.3599853515625,679050
2013-01-31,282.239990234375,282.239990234375,282.79998779296875,280.9599914550781,281.2799987792969,552225
2013-02-01,282.79998779296875,282.79998779296875,284.1600036621094,279.5199890136719,280.1600036621094,673438
2013-02-04,278.239990234375,278.239990234375,280.55999755859375,277.67999267578125,279.1199951171875,639988
2013-02-05,280.239990234375,280.239990234375,281.1199951171875,279.6000061035156,280.3999938964844,396438
2013-02-06,280.32000732421875,280.32000732421875,280.79998779296875,276.0799865722656,276.3999938964844,531750
2013-02-07,277.44000244140625,277.44000244140625,281.20001220703125,276.7200012207031,280.79998779296875,492888
2013-02-08,277.6000061035156,277.6000061035156,279.67999267578125,276.0,279.0400085449219,391788
2013-02-11,280.9599914550781,280.9599914550781,281.1199951171875,275.5199890136719,276.3999938964844,592138
2013-02-12,282.239990234375,282.239990234375,283.1199951171875,281.3599853515625,282.0799865722656,341325
2013-02-13,281.5199890136719,281.5199890136719,283.9200134277344,279.9200134277344,283.3599853515625,641575
2013-02-14,282.1600036621094,282.1600036621094,283.0400085449219,281.2799987792969,282.0799865722656,264238
2013-02-15,277.760009765625,277.760009765625,281.6000061035156,275.8399963378906,277.5199890136719,880125
2013-02-19,279.67999267578125,279.67999267578125,279.760009765625,276.55999755859375,277.2799987792969,528300
2013-02-20,273.3599853515625,273.3599853515625,280.32000732421875,271.3599853515625,279.8399963378906,1425088
2013-02-21,267.44000244140625,267.44000244140625,269.5199890136719,266.79998779296875,268.0,974163
2013-02-22,268.79998779296875,268.79998779296875,269.0400085449219,266.3999938964844,267.5199890136719,563938
2013-02-25,265.67999267578125,265.67999267578125,270.0,265.3599853515625,269.6000061035156,550163
2013-02-26,266.6400146484375,266.6400146484375,268.9599914550781,265.44000244140625,267.6000061035156,818563
2013-02-27,267.20001220703125,267.20001220703125,268.79998779296875,265.67999267578125,266.0,627463
2013-02-28,264.4800109863281,264.4800109863281,268.0,263.67999267578125,267.1199951171875,664125
2013-03-01,261.9200134277344,261.9200134277344,262.239990234375,259.2799987792969,261.2799987792969,619163
2013-03-04,259.20001220703125,259.20001220703125,260.8800048828125,257.2799987792969,260.79998779296875,751163
2013-03-05,261.5199890136719,261.5199890136719,261.9200134277344,259.20001220703125,260.32000732421875,524463
2013-03-06,260.32000732421875,260.32000732421875,260.7200012207031,257.8399963378906,260.7200012207031,606988
2013-03-07,263.5199890136719,263.5199890136719,264.0,261.67999267578125,262.0799865722656,702813
2013-03-08,264.3999938964844,264.3999938964844,264.79998779296875,261.9200134277344,262.9599914550781,383438
2013-03-11,264.32000732421875,264.32000732421875,265.20001220703125,261.6000061035156,262.8800048828125,249738
2013-03-12,266.0799865722656,266.0799865722656,268.79998779296875,265.760009765625,267.67999267578125,424188
2013-03-13,265.5199890136719,265.5199890136719,268.4800109863281,264.239990234375,268.0,422175
2013-03-14,267.3599853515625,267.3599853515625,267.8399963378906,265.8399963378906,266.0799865722656,262925
2013-03-15,268.79998779296875,268.79998779296875,269.20001220703125,267.3599853515625,268.8800048828125,311300
2013-03-18,269.20001220703125,269.20001220703125,270.0,264.0,264.32000732421875,433938
2013-03-19,264.55999755859375,264.55999755859375,269.8399963378906,264.3999938964844,269.5199890136719,818438
2013-03-20,267.6000061035156,267.6000061035156,268.0,264.79998779296875,267.44000244140625,562763
2013-03-21,264.3999938964844,264.3999938964844,267.44000244140625,262.9599914550781,265.8399963378906,538550
2013-03-22,268.8800048828125,268.8800048828125,268.8800048828125,264.9599914550781,266.4800109863281,390075
2013-03-25,270.79998779296875,270.79998779296875,273.8399963378906,269.20001220703125,271.1199951171875,814038
2013-03-26,275.6000061035156,275.6000061035156,276.0799865722656,272.6400146484375,273.9200134277344,828075
2013-03-27,276.3999938964844,276.3999938964844,277.20001220703125,273.67999267578125,274.1600036621094,580063
2013-03-28,278.0,278.0,278.7200012207031,276.239990234375,276.7200012207031,437638
2013-04-01,277.44000244140625,277.44000244140625,277.9200134277344,274.55999755859375,275.44000244140625,438275
2013-04-02,277.20001220703125,277.20001220703125,278.8800048828125,275.0400085449219,275.20001220703125,571175
2013-04-03,270.0799865722656,270.0799865722656,277.3599853515625,269.6000061035156,277.0400085449219,1091113
2013-04-04,267.1199951171875,267.1199951171875,268.8800048828125,263.760009765625,265.8399963378906,1089338
2013-04-05,266.239990234375,266.239990234375,266.4800109863281,263.3599853515625,264.6400146484375,727588
2013-04-08,267.9200134277344,267.9200134277344,268.0,264.7200012207031,266.4800109863281,382975
2013-04-09,269.1199951171875,269.1199951171875,270.3999938964844,265.8399963378906,266.6400146484375,455813
2013-04-10,270.6400146484375,270.6400146484375,271.3599853515625,267.67999267578125,268.32000732421875,488113
2013-04-11,267.67999267578125,267.67999267578125,270.1600036621094,266.32000732421875,269.67999267578125,523513
2013-04-12,260.239990234375,260.239990234375,262.8800048828125,258.4800109863281,261.9200134277344,1268475
2013-04-15,251.9199981689453,251.9199981689453,256.1600036621094,251.52000427246094,255.52000427246094,1360900
2013-04-16,254.0800018310547,254.0800018310547,254.55999755859375,250.72000122070312,252.8800048828125,739988
2013-04-17,248.0800018310547,248.0800018310547,251.67999267578125,246.32000732421875,251.27999877929688,1253250
2013-04-18,253.1199951171875,253.1199951171875,253.1199951171875,246.9600067138672,249.52000427246094,1170950
2013-04-19,251.1199951171875,251.1199951171875,252.63999938964844,250.39999389648438,251.67999267578125,534263
2013-04-22,254.55999755859375,254.55999755859375,255.1999969482422,250.0800018310547,252.9600067138672,710075
2013-04-23,254.8800048828125,254.8800048828125,254.9600067138672,251.36000061035156,252.16000366210938,572700
2013-04-24,261.2799987792969,261.2799987792969,261.3599853515625,255.9199981689453,256.1600036621094,823775
2013-04-25,266.0,266.0,267.6000061035156,260.0,260.4800109863281,1038150
2013-04-26,264.9599914550781,264.9599914550781,266.32000732421875,262.55999755859375,265.67999267578125,774000
2013-04-29,268.8800048828125,268.8800048828125,269.9200134277344,265.67999267578125,266.6400146484375,614250
2013-04-30,265.2799987792969,265.2799987792969,269.1199951171875,264.9599914550781,269.1199951171875,626925
2013-05-01,259.1199951171875,259.1199951171875,260.4800109863281,256.9599914550781,258.9599914550781,1243625
2013-05-02,267.9200134277344,267.9200134277344,268.6400146484375,260.32000732421875,260.7200012207031,989325
2013-05-03,272.0799865722656,272.0799865722656,273.760009765625,270.3999938964844,271.20001220703125,1195725
2013-05-06,273.1199951171875,273.1199951171875,274.3999938964844,270.3999938964844,271.67999267578125,587400
2013-05-07,272.0799865722656,272.0799865722656,274.32000732421875,270.6400146484375,272.9599914550781,616163
2013-05-08,275.20001220703125,275.20001220703125,275.760009765625,272.9599914550781,273.6000061035156,614813
2013-05-09,273.3599853515625,273.3599853515625,274.9599914550781,271.9200134277344,273.67999267578125,522313
2013-05-10,273.1199951171875,273.1199951171875,274.239990234375,266.239990234375,268.7200012207031,931850
2013-05-13,270.8800048828125,270.8800048828125,272.6400146484375,269.2799987792969,271.2799987792969,545288
2013-05-14,268.4800109863281,268.4800109863281,271.44000244140625,267.6000061035156,270.239990234375,591375
2013-05-15,268.8800048828125,268.8800048828125,269.1199951171875,262.7200012207031,264.79998779296875,1232963
2013-05-16,270.9599914550781,270.9599914550781,272.4800109863281,268.1600036621094,269.44000244140625,604400
2013-05-17,273.67999267578125,273.67999267578125,274.32000732421875,270.8800048828125,273.8399963378906,709738
2013-05-20,275.5199890136719,275.5199890136719,276.7200012207031,272.1600036621094,272.6400146484375,467788
2013-05-21,272.8800048828125,272.8800048828125,275.6000061035156,272.0799865722656,275.0400085449219,553000
2013-05-22,267.67999267578125,267.67999267578125,272.79998779296875,267.20001220703125,270.239990234375,1324575
2013-05-23,268.32000732421875,268.32000732421875,268.3999938964844,262.0799865722656,263.1199951171875,1136025
2013-05-24,266.9599914550781,266.9599914550781,267.9200134277344,264.6400146484375,265.3599853515625,518650
2013-05-28,270.32000732421875,270.32000732421875,272.32000732421875,269.67999267578125,272.0799865722656,472813
2013-05-29,264.79998779296875,264.79998779296875,270.55999755859375,263.8399963378906,269.6000061035156,1148900
2013-05-30,266.0,266.0,267.1199951171875,260.8800048828125,262.0,1120113
2013-05-31,260.8800048828125,260.8800048828125,264.8800048828125,260.239990234375,263.2799987792969,807088
2013-06-03,265.2799987792969,265.2799987792969,266.239990234375,262.32000732421875,263.44000244140625,615850
2013-06-04,265.6000061035156,265.6000061035156,268.32000732421875,262.4800109863281,264.0,454213
2013-06-05,266.0799865722656,266.0799865722656,268.3999938964844,265.9200134277344,267.20001220703125,546738
2013-06-06,268.9599914550781,268.9599914550781,270.8800048828125,268.1600036621094,268.3999938964844,742025
2013-06-07,273.2799987792969,273.2799987792969,273.9200134277344,266.3999938964844,267.20001220703125,851563
2013-06-10,272.0,272.0,272.7200012207031,270.4800109863281,271.2799987792969,309200
2013-06-11,270.32000732421875,270.32000732421875,271.2799987792969,268.0,268.32000732421875,539625
2013-06-12,272.239990234375,272.239990234375,273.9200134277344,271.2799987792969,272.79998779296875,690888
2013-06-13,274.6400146484375,274.6400146484375,275.2799987792969,271.20001220703125,271.2799987792969,342713
2013-06-14,277.9200134277344,277.9200134277344,278.7200012207031,277.0400085449219,278.0799865722656,782038
2013-06-17,278.0799865722656,278.0799865722656,279.5199890136719,276.79998779296875,278.8800048828125,537013
2013-06-18,279.67999267578125,279.67999267578125,280.1600036621094,277.67999267578125,278.79998779296875,319325
2013-06-19,278.239990234375,278.239990234375,280.4800109863281,277.0400085449219,279.67999267578125,442925
2013-06-20,269.0400085449219,269.0400085449219,272.239990234375,268.1600036621094,271.8399963378906,1136875
2013-06-21,265.8399963378906,265.8399963378906,269.5199890136719,263.8399963378906,269.0400085449219,1297663
2013-06-24,269.1199951171875,269.1199951171875,270.8800048828125,264.0,264.3999938964844,841838
2013-06-25,269.9200134277344,269.9200134277344,271.6000061035156,268.4800109863281,271.3599853515625,565950
2013-06-26,270.3999938964844,270.3999938964844,271.0400085449219,265.44000244140625,270.55999755859375,581100
2013-06-27,274.6400146484375,274.6400146484375,276.0,271.3599853515625,272.0,844988
2013-06-28,273.44000244140625,273.44000244140625,276.6400146484375,272.9599914550781,275.44000244140625,592350
2013-07-01,277.3599853515625,277.3599853515625,278.3999938964844,275.67999267578125,276.8800048828125,588763
2013-07-02,281.67999267578125,281.67999267578125,282.8800048828125,278.8800048828125,279.20001220703125,1095275
2013-07-03,286.7200012207031,286.7200012207031,289.44000244140625,284.79998779296875,287.44000244140625,1525400
2013-07-05,292.4800109863281,292.4800109863281,292.7200012207031,287.5199890136719,288.3999938964844,903450
2013-07-08,291.2799987792969,291.2799987792969,293.3599853515625,289.760009765625,290.32000732421875,526538
2013-07-09,294.1600036621094,294.1600036621094,294.3999938964844,290.6400146484375,290.9599914550781,714050
2013-07-10,299.44000244140625,299.44000244140625,301.1199951171875,296.55999755859375,298.0,1379175
2013-07-11,296.0799865722656,296.0799865722656,298.79998779296875,295.0400085449219,298.7200012207031,1018863
2013-07-12,300.4800109863281,300.4800109863281,300.79998779296875,296.8800048828125,298.3999938964844,700775
2013-07-15,301.3599853515625,301.3599853515625,302.0799865722656,298.8800048828125,298.9599914550781,592738
2013-07-16,299.8399963378906,299.8399963378906,302.3999938964844,299.760009765625,302.1600036621094,403738
2013-07-17,302.3999938964844,302.3999938964844,302.7200012207031,299.8399963378906,300.6400146484375,411375
2013-07-18,306.7200012207031,306.7200012207031,307.67999267578125,303.44000244140625,303.44000244140625,604825
2013-07-19,307.6000061035156,307.6000061035156,308.9599914550781,304.0799865722656,308.8800048828125,755138
2013-07-22,303.3599853515625,303.3599853515625,307.0400085449219,302.8800048828125,306.55999755859375,802075
2013-07-23,304.7200012207031,304.7200012207031,305.5199890136719,301.760009765625,301.9200134277344,577050
2013-07-24,299.20001220703125,299.20001220703125,304.0799865722656,298.0,302.8800048828125,899238
2013-07-25,300.6400146484375,300.6400146484375,301.0400085449219,296.0,299.3599853515625,650200
2013-07-26,297.67999267578125,297.67999267578125,299.1199951171875,295.5199890136719,299.0400085449219,400038
2013-07-29,297.0400085449219,297.0400085449219,299.0400085449219,296.0,298.3999938964844,340050
2013-07-30,293.3599853515625,293.3599853515625,295.2799987792969,292.0,295.20001220703125,656025
2013-07-31,298.8800048828125,298.8800048828125,299.3599853515625,292.79998779296875,293.67999267578125,783175
2013-08-01,306.1600036621094,306.1600036621094,307.2799987792969,304.4800109863281,304.79998779296875,1106475
2013-08-02,303.5199890136719,303.5199890136719,304.9599914550781,302.7200012207031,304.55999755859375,550588
2013-08-05,302.6400146484375,302.6400146484375,304.3999938964844,301.0400085449219,301.2799987792969,340925
2013-08-06,299.67999267578125,299.67999267578125,302.4800109863281,298.1600036621094,302.32000732421875,761325
2013-08-07,296.0799865722656,296.0799865722656,300.0,296.0,298.1600036621094,741413
2013-08-08,294.7200012207031,294.7200012207031,294.8800048828125,290.79998779296875,294.1600036621094,1357263
2013-08-09,300.7200012207031,300.7200012207031,301.1199951171875,296.239990234375,296.4800109863281,906513
2013-08-12,302.0799865722656,302.0799865722656,302.32000732421875,298.1600036621094,299.20001220703125,538300
2013-08-13,303.20001220703125,303.20001220703125,304.55999755859375,300.55999755859375,301.8399963378906,558788
2013-08-14,304.7200012207031,304.7200012207031,305.1199951171875,301.20001220703125,302.79998779296875,637488
2013-08-15,305.9200134277344,305.9200134277344,307.20001220703125,303.8399963378906,306.4800109863281,569963
2013-08-16,307.20001220703125,307.20001220703125,308.55999755859375,304.0799865722656,306.4800109863281,667613
2013-08-19,305.3599853515625,305.3599853515625,307.44000244140625,304.4800109863281,305.6000061035156,425150
2013-08-20,300.1600036621094,300.1600036621094,305.67999267578125,299.1199951171875,301.5199890136719,845900
2013-08-21,297.3599853515625,297.3599853515625,300.1600036621094,295.9200134277344,299.9200134277344,685613
2013-08-22,300.32000732421875,300.32000732421875,300.79998779296875,296.7200012207031,297.20001220703125,563925
2013-08-23,303.6000061035156,303.6000061035156,305.6000061035156,298.1600036621094,299.2799987792969,742913
2013-08-26,303.67999267578125,303.67999267578125,304.0799865722656,301.67999267578125,303.6000061035156,712575
2013-08-27,310.9599914550781,310.9599914550781,312.3999938964844,309.760009765625,311.20001220703125,1811800
2013-08-28,312.6400146484375,312.6400146484375,315.67999267578125,312.0,313.760009765625,1616313
2013-08-29,308.6400146484375,308.6400146484375,314.6400146484375,307.9200134277344,312.6400146484375,1017725
2013-08-30,307.8399963378906,307.8399963378906,310.79998779296875,305.67999267578125,308.32000732421875,1295613
2013-09-03,310.0799865722656,310.0799865722656,311.0400085449219,305.8399963378906,306.0,989725
2013-09-04,306.7200012207031,306.7200012207031,308.3999938964844,305.1199951171875,306.79998779296875,536650
2013-09-05,309.5199890136719,309.5199890136719,310.1600036621094,306.3999938964844,308.239990234375,551913
2013-09-06,314.8800048828125,314.8800048828125,316.32000732421875,312.239990234375,312.6400146484375,1304138
2013-09-09,311.5199890136719,311.5199890136719,314.8800048828125,310.7200012207031,313.9200134277344,988738
2013-09-10,306.7200012207031,306.7200012207031,307.5199890136719,304.239990234375,305.760009765625,1337613
2013-09-11,307.8399963378906,307.8399963378906,308.7200012207031,305.760009765625,307.9200134277344,693300
2013-09-12,310.9599914550781,310.9599914550781,312.0799865722656,308.4800109863281,308.79998779296875,612163
2013-09-13,310.79998779296875,310.79998779296875,311.0400085449219,306.8800048828125,307.760009765625,404275
2013-09-16,304.8800048828125,304.8800048828125,308.0799865722656,304.79998779296875,306.0,756575
2013-09-17,301.9200134277344,301.9200134277344,304.1600036621094,300.9599914550781,303.760009765625,845213
2013-09-18,309.44000244140625,309.44000244140625,310.3999938964844,302.4800109863281,303.1199951171875,979650
2013-09-19,304.6400146484375,304.6400146484375,308.9599914550781,304.32000732421875,308.4800109863281,861463
2013-09-20,302.1600036621094,302.1600036621094,305.44000244140625,301.20001220703125,303.760009765625,703813
2013-09-23,298.1600036621094,298.1600036621094,299.67999267578125,297.2799987792969,298.6400146484375,731650
2013-09-24,297.760009765625,297.760009765625,298.3999938964844,294.79998779296875,296.3999938964844,729713
2013-09-25,295.0400085449219,295.0400085449219,298.79998779296875,294.55999755859375,298.32000732421875,614200
2013-09-26,296.6400146484375,296.6400146484375,297.3599853515625,295.1199951171875,296.32000732421875,367838
2013-09-27,295.67999267578125,295.67999267578125,299.0400085449219,295.2799987792969,296.3999938964844,522713
2013-09-30,294.79998779296875,294.79998779296875,296.1600036621094,291.20001220703125,291.8399963378906,665813
2013-10-01,293.44000244140625,293.44000244140625,294.32000732421875,291.2799987792969,292.8800048828125,792275
2013-10-02,299.3599853515625,299.3599853515625,300.32000732421875,292.6400146484375,293.44000244140625,1378300
2013-10-03,297.1199951171875,297.1199951171875,300.7200012207031,296.4800109863281,300.6400146484375,605313
2013-10-04,298.4800109863281,298.4800109863281,300.239990234375,297.67999267578125,299.5199890136719,346538
2013-10-07,297.1199951171875,297.1199951171875,298.8800048828125,293.6000061035156,294.32000732421875,575813
2013-10-08,298.4800109863281,298.4800109863281,299.9200134277344,297.760009765625,299.0400085449219,431413
2013-10-09,292.3999938964844,292.3999938964844,295.67999267578125,291.6000061035156,295.0400085449219,1374863
2013-10-10,296.79998779296875,296.79998779296875,298.32000732421875,292.239990234375,292.6400146484375,852225
2013-10-11,294.0,294.0,294.7200012207031,291.3599853515625,291.67999267578125,768350
2013-10-14,294.9599914550781,294.9599914550781,296.1600036621094,292.3999938964844,293.2799987792969,333175
2013-10-15,291.760009765625,291.760009765625,294.9599914550781,291.6000061035156,293.20001220703125,684388
2013-10-16,295.3599853515625,295.3599853515625,297.44000244140625,292.6400146484375,292.9599914550781,612825
2013-10-17,291.0400085449219,291.0400085449219,292.55999755859375,289.0400085449219,292.0,1219613
2013-10-18,291.6000061035156,291.6000061035156,292.7200012207031,290.7200012207031,292.4800109863281,519650
2013-10-21,287.5199890136719,287.5199890136719,290.4800109863281,286.79998779296875,289.8399963378906,615275
2013-10-22,283.2799987792969,283.2799987792969,289.20001220703125,283.1199951171875,287.8399963378906,1277038
2013-10-23,279.6000061035156,279.6000061035156,281.0400085449219,277.3599853515625,278.239990234375,1559738
2013-10-24,279.9200134277344,279.9200134277344,280.3999938964844,276.7200012207031,277.44000244140625,697888
2013-10-25,282.55999755859375,282.55999755859375,282.79998779296875,280.0799865722656,280.4800109863281,479113
2013-10-28,284.3999938964844,284.3999938964844,284.8800048828125,281.6000061035156,282.239990234375,536675
2013-10-29,283.2799987792969,283.2799987792969,283.9200134277344,282.32000732421875,283.1199951171875,291638
2013-10-30,278.79998779296875,278.79998779296875,281.0400085449219,278.4800109863281,280.55999755859375,741150
2013-10-31,277.5199890136719,277.5199890136719,279.760009765625,276.8800048828125,278.239990234375,637525
2013-11-01,273.0400085449219,273.0400085449219,275.6000061035156,272.1600036621094,275.6000061035156,1221863
2013-11-04,272.32000732421875,272.32000732421875,274.239990234375,272.1600036621094,272.4800109863281,571450
2013-11-05,269.3599853515625,269.3599853515625,271.9200134277344,268.3999938964844,271.44000244140625,820663
2013-11-06,273.5199890136719,273.5199890136719,274.9599914550781,270.8800048828125,270.8800048828125,1249425
2013-11-07,271.760009765625,271.760009765625,272.4800109863281,270.4800109863281,272.32000732421875,594313
2013-11-08,272.0799865722656,272.0799865722656,273.67999267578125,270.9599914550781,272.6400146484375,465275
2013-11-11,274.0799865722656,274.0799865722656,274.8800048828125,271.9200134277344,272.239990234375,316688
2013-11-12,269.1199951171875,269.1199951171875,274.3999938964844,268.0,272.8800048828125,942400
2013-11-13,271.20001220703125,271.20001220703125,273.0400085449219,270.0799865722656,270.79998779296875,495700
2013-11-14,271.44000244140625,271.44000244140625,272.9599914550781,267.6000061035156,269.44000244140625,790663
2013-11-15,271.0400085449219,271.0400085449219,272.3999938964844,270.7200012207031,272.3999938964844,495563
2013-11-18,268.9599914550781,268.9599914550781,272.6400146484375,268.239990234375,271.20001220703125,666625
2013-11-19,269.760009765625,269.760009765625,270.32000732421875,267.8399963378906,269.44000244140625,496088
2013-11-20,269.0400085449219,269.0400085449219,271.0400085449219,267.8399963378906,270.239990234375,646000
2013-11-21,273.3599853515625,273.3599853515625,274.55999755859375,270.4800109863281,271.67999267578125,686075
2013-11-22,272.32000732421875,272.32000732421875,273.6000061035156,270.1600036621094,272.79998779296875,717500
2013-11-25,270.55999755859375,270.55999755859375,271.3599853515625,268.7200012207031,269.1199951171875,653325
2013-11-26,269.5199890136719,269.5199890136719,270.8800048828125,268.6400146484375,270.239990234375,407838
2013-11-27,265.5199890136719,265.5199890136719,265.8399963378906,263.6000061035156,265.44000244140625,980925
2013-11-29,267.67999267578125,267.67999267578125,269.6000061035156,266.55999755859375,266.55999755859375,483750
2013-12-02,269.44000244140625,269.44000244140625,270.0799865722656,267.3599853515625,267.760009765625,537275
2013-12-03,276.0799865722656,276.0799865722656,276.239990234375,270.3999938964844,270.3999938964844,1751850
2013-12-04,279.0400085449219,279.0400085449219,280.1600036621094,276.55999755859375,278.0799865722656,1193938
2013-12-05,279.44000244140625,279.44000244140625,281.3599853515625,279.20001220703125,279.5199890136719,612063
2013-12-06,280.3999938964844,280.3999938964844,280.6400146484375,278.9599914550781,279.3599853515625,339225
2013-12-09,279.2799987792969,279.2799987792969,280.8800048828125,279.2799987792969,280.79998779296875,712463
2013-12-10,282.4800109863281,282.4800109863281,282.79998779296875,280.4800109863281,282.3999938964844,717913
2013-12-11,279.8399963378906,279.8399963378906,282.0799865722656,279.0400085449219,281.20001220703125,912213
2013-12-12,279.760009765625,279.760009765625,281.2799987792969,279.67999267578125,281.1199951171875,541013
2013-12-13,277.1199951171875,277.1199951171875,278.79998779296875,276.55999755859375,277.67999267578125,777188
2013-12-16,279.5199890136719,279.5199890136719,280.6400146484375,279.0400085449219,279.20001220703125,496988
2013-12-17,278.9599914550781,278.9599914550781,281.1199951171875,278.6400146484375,280.3999938964844,278588
2013-12-18,280.239990234375,280.239990234375,281.5199890136719,279.20001220703125,280.3999938964844,545125
2013-12-19,282.55999755859375,282.55999755859375,284.9599914550781,281.8399963378906,282.32000732421875,775575
2013-12-20,283.8399963378906,283.8399963378906,284.7200012207031,282.239990234375,283.44000244140625,403575
2013-12-23,282.8800048828125,282.8800048828125,284.0,282.55999755859375,283.44000244140625,284238
2013-12-24,283.9200134277344,283.9200134277344,284.3999938964844,283.67999267578125,283.67999267578125,114975
2013-12-26,285.20001220703125,285.20001220703125,285.5199890136719,282.0,282.0,357463
2013-12-27,286.7200012207031,286.7200012207031,288.55999755859375,286.55999755859375,286.8800048828125,474125
2013-12-30,284.239990234375,284.239990234375,286.6400146484375,283.9200134277344,286.0799865722656,380238
2013-12-31,282.55999755859375,282.55999755859375,283.0400085449219,281.1199951171875,282.239990234375,674888
2014-01-02,273.8399963378906,273.8399963378906,277.6000061035156,273.1199951171875,277.5199890136719,1342588
2014-01-03,270.0,270.0,273.0400085449219,268.79998779296875,273.0400085449219,1207313
2014-01-06,268.55999755859375,268.55999755859375,269.760009765625,266.8800048828125,268.9599914550781,568075
2014-01-07,268.6400146484375,268.6400146484375,269.8399963378906,267.6000061035156,267.760009765625,390850
2014-01-08,265.2799987792969,265.2799987792969,268.3999938964844,264.239990234375,268.239990234375,717688
2014-01-09,264.6400146484375,264.6400146484375,265.6000061035156,261.44000244140625,265.5199890136719,815625
2014-01-10,265.5199890136719,265.5199890136719,266.3999938964844,263.44000244140625,265.0400085449219,681500
2014-01-13,262.4800109863281,262.4800109863281,264.4800109863281,261.760009765625,264.0,780938
2014-01-14,264.32000732421875,264.32000732421875,265.9200134277344,263.3599853515625,264.1600036621094,495913
2014-01-15,270.1600036621094,270.1600036621094,270.79998779296875,266.0799865722656,266.0799865722656,911575
2014-01-16,269.20001220703125,269.20001220703125,269.67999267578125,267.760009765625,269.2799987792969,539675
2014-01-17,269.5199890136719,269.5199890136719,270.8800048828125,268.79998779296875,270.8800048828125,859600
2014-01-21,271.9200134277344,271.9200134277344,272.32000732421875,269.9200134277344,272.0,490738
2014-01-22,276.4800109863281,276.4800109863281,276.7200012207031,273.3599853515625,273.6000061035156,624463
2014-01-23,277.760009765625,277.760009765625,279.3599853515625,276.55999755859375,277.3599853515625,709650
2014-01-24,276.6400146484375,276.6400146484375,278.32000732421875,274.8800048828125,278.239990234375,614463
2014-01-27,273.8399963378906,273.8399963378906,276.9599914550781,272.0,276.32000732421875,690575
2014-01-28,277.5199890136719,277.5199890136719,278.79998779296875,276.7200012207031,276.7200012207031,539138
2014-01-29,277.8399963378906,277.8399963378906,279.0400085449219,275.20001220703125,275.6000061035156,619113
2014-01-30,279.6000061035156,279.6000061035156,281.44000244140625,279.5199890136719,280.8800048828125,409350
2014-01-31,278.3999938964844,278.3999938964844,280.9599914550781,278.0,278.3999938964844,618538
2014-02-03,276.1600036621094,276.1600036621094,279.20001220703125,274.8800048828125,278.3999938964844,1527838
2014-02-04,277.9200134277344,277.9200134277344,279.0400085449219,276.9599914550781,277.760009765625,329225
2014-02-05,277.67999267578125,277.67999267578125,279.67999267578125,276.4800109863281,278.6400146484375,458963
2014-02-06,279.20001220703125,279.20001220703125,281.6000061035156,278.239990234375,281.2799987792969,275738
2014-02-07,285.1199951171875,285.1199951171875,286.0,280.0,280.4800109863281,793063
2014-02-10,285.0400085449219,285.0400085449219,286.8800048828125,284.4800109863281,285.5199890136719,367650
2014-02-11,285.1199951171875,285.1199951171875,286.239990234375,284.32000732421875,284.8800048828125,260600
2014-02-12,286.3999938964844,286.3999938964844,289.2799987792969,286.0,288.55999755859375,551000
2014-02-13,286.9599914550781,286.9599914550781,287.8399963378906,285.760009765625,285.9200134277344,273125
2014-02-14,287.2799987792969,287.2799987792969,287.760009765625,284.9599914550781,285.67999267578125,218963
2014-02-18,293.2799987792969,293.2799987792969,294.1600036621094,289.760009765625,290.3999938964844,594950
2014-02-19,295.20001220703125,295.20001220703125,296.3999938964844,293.1199951171875,293.6000061035156,585350
2014-02-20,295.0400085449219,295.0400085449219,295.67999267578125,293.9200134277344,295.20001220703125,342263
2014-02-21,293.5199890136719,293.5199890136719,294.79998779296875,291.8399963378906,294.0,535375
2014-02-24,294.32000732421875,294.32000732421875,296.8800048828125,293.1199951171875,293.5199890136719,437400
2014-02-25,292.7200012207031,292.7200012207031,293.0400085449219,289.9200134277344,291.760009765625,422400
2014-02-26,294.0,294.0,295.2799987792969,293.1199951171875,293.9200134277344,253638
2014-02-27,293.5199890136719,293.5199890136719,294.32000732421875,292.0,293.1199951171875,335950
2014-02-28,293.9200134277344,293.9200134277344,295.44000244140625,292.4800109863281,292.8800048828125,315638
2014-03-03,300.1600036621094,300.1600036621094,301.9200134277344,298.7200012207031,299.1199951171875,934538
2014-03-04,296.4800109863281,296.4800109863281,297.6000061035156,295.20001220703125,297.44000244140625,465838
2014-03-05,289.9200134277344,289.9200134277344,296.1600036621094,289.6000061035156,295.6000061035156,687575
2014-03-06,292.55999755859375,292.55999755859375,292.8800048828125,287.3599853515625,289.0400085449219,456063
2014-03-07,294.239990234375,294.239990234375,295.2799987792969,293.0400085449219,293.2799987792969,277213
2014-03-10,290.3999938964844,290.3999938964844,291.3599853515625,289.44000244140625,290.239990234375,401363
2014-03-11,286.4800109863281,286.4800109863281,290.0799865722656,286.1600036621094,289.44000244140625,447613
2014-03-12,282.79998779296875,282.79998779296875,284.3999938964844,280.32000732421875,282.1600036621094,821575
2014-03-13,282.7200012207031,282.7200012207031,282.79998779296875,281.0400085449219,281.9200134277344,276413
2014-03-14,284.239990234375,284.239990234375,285.3599853515625,282.7200012207031,283.760009765625,450638
2014-03-17,281.20001220703125,281.20001220703125,283.2799987792969,279.760009765625,282.8800048828125,319063
2014-03-18,284.6400146484375,284.6400146484375,285.44000244140625,281.760009765625,281.760009765625,323250
2014-03-19,285.67999267578125,285.67999267578125,286.239990234375,283.6000061035156,284.8800048828125,291675
2014-03-20,284.6400146484375,284.6400146484375,286.7200012207031,282.8800048828125,284.6400146484375,286975
2014-03-21,286.7200012207031,286.7200012207031,289.1199951171875,285.8399963378906,286.0799865722656,338500
2014-03-24,286.55999755859375,286.55999755859375,289.1199951171875,286.1600036621094,289.1199951171875,206050
2014-03-25,286.1600036621094,286.1600036621094,289.1199951171875,284.9599914550781,287.760009765625,272988
2014-03-26,288.7200012207031,288.7200012207031,289.67999267578125,286.8800048828125,288.0,242638
2014-03-27,292.0,292.0,293.20001220703125,291.67999267578125,292.0,260238
2014-03-28,292.9599914550781,292.9599914550781,294.7200012207031,292.3999938964844,294.32000732421875,250063
2014-03-31,292.7200012207031,292.7200012207031,293.9200134277344,290.8800048828125,292.7200012207031,265500
2014-04-01,286.6400146484375,286.6400146484375,292.0,286.3999938964844,291.6000061035156,586075
2014-04-02,286.3999938964844,286.3999938964844,287.6000061035156,285.0400085449219,286.4800109863281,420775
2014-04-03,289.1199951171875,289.1199951171875,289.67999267578125,286.32000732421875,286.7200012207031,233475
2014-04-04,291.44000244140625,291.44000244140625,292.9599914550781,291.1199951171875,291.8399963378906,303450
2014-04-07,290.239990234375,290.239990234375,292.0799865722656,288.0799865722656,289.6000061035156,253775
2014-04-08,295.20001220703125,295.20001220703125,296.0799865722656,290.55999755859375,291.67999267578125,562250
2014-04-09,297.760009765625,297.760009765625,299.0400085449219,295.20001220703125,295.8399963378906,558400
2014-04-10,297.6000061035156,297.6000061035156,298.6400146484375,297.0400085449219,297.8399963378906,371138
2014-04-11,297.44000244140625,297.44000244140625,300.32000732421875,297.44000244140625,297.6000061035156,329788
2014-04-14,299.0400085449219,299.0400085449219,300.55999755859375,298.4800109863281,298.7200012207031,168550
2014-04-15,299.1199951171875,299.1199951171875,300.32000732421875,298.79998779296875,299.0400085449219,339400
2014-04-16,299.8399963378906,299.8399963378906,302.4800109863281,298.0,302.239990234375,583675
2014-04-17,301.2799987792969,301.2799987792969,302.32000732421875,299.6000061035156,300.0799865722656,385488
2014-04-21,301.1199951171875,301.1199951171875,302.0799865722656,300.3999938964844,300.7200012207031,169200
2014-04-22,296.0,296.0,297.8399963378906,295.3599853515625,297.67999267578125,389825
2014-04-23,295.2799987792969,295.2799987792969,296.9599914550781,294.7200012207031,296.32000732421875,298700
2014-04-24,296.3999938964844,296.3999938964844,297.760009765625,295.9200134277344,297.0400085449219,172163
2014-04-25,292.79998779296875,292.79998779296875,293.760009765625,292.239990234375,292.6400146484375,248925
2014-04-28,293.67999267578125,293.67999267578125,294.0,291.8399963378906,293.9200134277344,173938
2014-04-29,293.760009765625,293.760009765625,297.20001220703125,293.44000244140625,296.55999755859375,174850
2014-04-30,290.55999755859375,290.55999755859375,290.55999755859375,288.9599914550781,289.760009765625,451463
2014-05-01,289.2799987792969,289.2799987792969,290.4800109863281,287.760009765625,288.239990234375,317475
2014-05-02,290.32000732421875,290.32000732421875,291.20001220703125,288.79998779296875,289.3599853515625,230775
2014-05-05,289.1199951171875,289.1199951171875,290.0799865722656,287.67999267578125,290.0799865722656,293000
2014-05-06,289.5199890136719,289.5199890136719,292.0,289.2799987792969,290.4800109863281,205288
2014-05-07,292.79998779296875,292.79998779296875,293.6000061035156,290.239990234375,292.0799865722656,242288
2014-05-08,291.9200134277344,291.9200134277344,292.1600036621094,290.6400146484375,291.3599853515625,162938
2014-05-09,291.20001220703125,291.20001220703125,294.1600036621094,290.239990234375,293.3599853515625,194038
2014-05-12,292.7200012207031,292.7200012207031,293.760009765625,292.1600036621094,293.1199951171875,187288
2014-05-13,296.32000732421875,296.32000732421875,296.6400146484375,293.67999267578125,294.6400146484375,277738
2014-05-14,297.44000244140625,297.44000244140625,298.7200012207031,297.20001220703125,297.760009765625,321875
2014-05-15,296.32000732421875,296.32000732421875,297.2799987792969,295.44000244140625,296.9599914550781,167375
2014-05-16,297.8399963378906,297.8399963378906,298.1600036621094,296.7200012207031,296.8800048828125,196863
2014-05-19,299.0400085449219,299.0400085449219,300.1600036621094,298.6400146484375,299.3599853515625,205600
2014-05-20,300.1600036621094,300.1600036621094,300.32000732421875,297.9200134277344,298.6400146484375,168575
2014-05-21,303.8399963378906,303.8399963378906,305.44000244140625,302.0,302.1600036621094,570325
2014-05-22,304.0799865722656,304.0799865722656,305.2799987792969,303.3599853515625,304.8800048828125,429563
2014-05-23,305.44000244140625,305.44000244140625,306.1600036621094,304.3999938964844,304.79998779296875,318225
2014-05-27,305.1199951171875,305.1199951171875,305.3599853515625,303.44000244140625,304.0,144438
2014-05-28,301.44000244140625,301.44000244140625,304.0799865722656,300.7200012207031,303.9200134277344,235625
2014-05-29,303.2799987792969,303.2799987792969,304.4800109863281,301.3599853515625,301.760009765625,148700
2014-05-30,301.44000244140625,301.44000244140625,301.8399963378906,299.9200134277344,301.20001220703125,163875
2014-06-02,300.239990234375,300.239990234375,300.55999755859375,299.0400085449219,300.1600036621094,388938
2014-06-03,301.1199951171875,301.1199951171875,301.20001220703125,299.6000061035156,299.9200134277344,145013
2014-06-04,300.0799865722656,300.0799865722656,303.760009765625,300.0,302.79998779296875,213913
2014-06-05,300.3999938964844,300.3999938964844,300.79998779296875,297.67999267578125,298.1600036621094,158550
2014-06-06,300.8800048828125,300.8800048828125,301.44000244140625,299.67999267578125,301.2799987792969,129388
2014-06-09,305.44000244140625,305.44000244140625,305.8399963378906,303.5199890136719,303.760009765625,383913
2014-06-10,306.239990234375,306.239990234375,307.5199890136719,304.3999938964844,306.6400146484375,220538
2014-06-11,306.0,306.0,306.8800048828125,305.20001220703125,305.760009765625,146375
2014-06-12,312.6400146484375,312.6400146484375,312.8800048828125,309.67999267578125,310.3999938964844,726238
2014-06-13,312.9599914550781,312.9599914550781,314.239990234375,312.1600036621094,312.6400146484375,369388
2014-06-16,313.3599853515625,313.3599853515625,314.0799865722656,312.9599914550781,313.5199890136719,227450
2014-06-17,311.9200134277344,311.9200134277344,314.7200012207031,311.8399963378906,313.0400085449219,270813
2014-06-18,312.0799865722656,312.0799865722656,313.6000061035156,310.8800048828125,313.2799987792969,280038
2014-06-19,313.0400085449219,313.0400085449219,313.9200134277344,310.239990234375,311.20001220703125,294975
2014-06-20,314.55999755859375,314.55999755859375,315.5199890136719,313.6000061035156,314.1600036621094,336000
2014-06-23,313.2799987792969,313.2799987792969,314.4800109863281,312.55999755859375,314.32000732421875,272288
2014-06-24,312.7200012207031,312.7200012207031,314.0,311.9200134277344,312.7200012207031,238700
2014-06-25,314.32000732421875,314.32000732421875,314.55999755859375,311.1199951171875,312.9599914550781,257438
2014-06-26,311.760009765625,311.760009765625,313.1199951171875,309.9200134277344,313.1199951171875,251950
2014-06-27,311.8399963378906,311.8399963378906,313.1199951171875,310.79998779296875,312.79998779296875,203425
2014-06-30,311.0400085449219,311.0400085449219,311.760009765625,308.7200012207031,311.5199890136719,228688
2014-07-01,310.8800048828125,310.8800048828125,312.9599914550781,308.55999755859375,312.1600036621094,296713
2014-07-02,307.20001220703125,307.20001220703125,311.2799987792969,307.1199951171875,309.1199951171875,331925
2014-07-03,306.0,306.0,307.20001220703125,305.9200134277344,307.1199951171875,180938
2014-07-07,305.3599853515625,305.3599853515625,306.32000732421875,304.3999938964844,306.1600036621094,178550
2014-07-08,305.44000244140625,305.44000244140625,307.3599853515625,303.8399963378906,306.0799865722656,302263
2014-07-09,301.5199890136719,301.5199890136719,303.2799987792969,300.9599914550781,303.1199951171875,729763
2014-07-10,303.20001220703125,303.20001220703125,303.9200134277344,300.7200012207031,301.0400085449219,459038
2014-07-11,297.2799987792969,297.2799987792969,301.20001220703125,296.32000732421875,300.55999755859375,618388
2014-07-14,298.55999755859375,298.55999755859375,298.79998779296875,295.67999267578125,296.4800109863281,772763
2014-07-15,295.0400085449219,295.0400085449219,295.5199890136719,292.6400146484375,294.7200012207031,553375
2014-07-16,298.4800109863281,298.4800109863281,299.1199951171875,296.55999755859375,296.6400146484375,522988
2014-07-17,302.6400146484375,302.6400146484375,303.2799987792969,299.8399963378906,302.7200012207031,809575
2014-07-18,301.760009765625,301.760009765625,303.20001220703125,301.3599853515625,302.32000732421875,421050
2014-07-21,304.79998779296875,304.79998779296875,305.2799987792969,302.1600036621094,302.7200012207031,433575
2014-07-22,303.6000061035156,303.6000061035156,304.55999755859375,302.8800048828125,304.55999755859375,185738
2014-07-23,305.2799987792969,305.2799987792969,306.3999938964844,303.9200134277344,304.3999938964844,282188
2014-07-24,302.55999755859375,302.55999755859375,305.67999267578125,302.0799865722656,305.44000244140625,343313
2014-07-25,302.1600036621094,302.1600036621094,304.0,299.3599853515625,300.0799865722656,340963
2014-07-28,301.1199951171875,301.1199951171875,302.4800109863281,299.1199951171875,300.1600036621094,273688
2014-07-29,299.1199951171875,299.1199951171875,300.1600036621094,297.6000061035156,298.239990234375,338650
2014-07-30,295.3599853515625,295.3599853515625,301.44000244140625,294.79998779296875,300.7200012207031,625688
2014-07-31,290.55999755859375,290.55999755859375,295.6000061035156,290.1600036621094,295.1199951171875,597313
2014-08-01,289.5199890136719,289.5199890136719,290.3999938964844,287.8399963378906,288.9599914550781,535513
2014-08-04,291.8399963378906,291.8399963378906,292.4800109863281,289.5199890136719,289.6000061035156,302700
2014-08-05,289.2799987792969,289.2799987792969,290.79998779296875,287.6000061035156,290.6400146484375,411213
2014-08-06,287.6000061035156,287.6000061035156,290.79998779296875,286.6400146484375,289.9200134277344,646963
2014-08-07,289.2799987792969,289.2799987792969,289.67999267578125,286.55999755859375,287.760009765625,294588
2014-08-08,288.9599914550781,288.9599914550781,290.0799865722656,287.8399963378906,289.760009765625,281738
2014-08-11,289.760009765625,289.760009765625,291.67999267578125,289.5199890136719,289.8399963378906,235775
2014-08-12,287.9200134277344,287.9200134277344,289.0400085449219,286.4800109863281,287.67999267578125,360688
2014-08-13,288.1600036621094,288.1600036621094,289.3599853515625,286.239990234375,288.32000732421875,305463
2014-08-14,280.8800048828125,280.8800048828125,286.8800048828125,280.32000732421875,286.7200012207031,987650
2014-08-15,283.5199890136719,283.5199890136719,284.8800048828125,281.0400085449219,281.3599853515625,665200
2014-08-18,280.4800109863281,280.4800109863281,281.1199951171875,279.0400085449219,280.8800048828125,347263
2014-08-19,277.67999267578125,277.67999267578125,280.4800109863281,276.6400146484375,280.1600036621094,503563
2014-08-20,278.8800048828125,278.8800048828125,279.44000244140625,277.5199890136719,279.0400085449219,397350
2014-08-21,280.7200012207031,280.7200012207031,282.0799865722656,278.9599914550781,279.20001220703125,486013
2014-08-22,279.67999267578125,279.67999267578125,280.239990234375,277.6000061035156,278.6400146484375,488300
2014-08-25,278.9599914550781,278.9599914550781,279.67999267578125,277.9200134277344,278.3999938964844,416775
2014-08-26,280.32000732421875,280.32000732421875,281.67999267578125,278.79998779296875,280.79998779296875,378775
2014-08-27,280.239990234375,280.239990234375,281.3599853515625,278.79998779296875,280.239990234375,317563
2014-08-28,282.55999755859375,282.55999755859375,282.7200012207031,280.32000732421875,282.0799865722656,319275
2014-08-29,286.0799865722656,286.0799865722656,286.6400146484375,283.8399963378906,284.6400146484375,397750
2014-09-02,278.32000732421875,278.32000732421875,283.2799987792969,276.79998779296875,282.239990234375,753888
2014-09-03,284.3999938964844,284.3999938964844,286.0799865722656,280.0799865722656,281.0400085449219,551500
2014-09-04,282.3999938964844,282.3999938964844,284.3999938964844,281.1199951171875,283.0400085449219,441688
2014-09-05,279.20001220703125,279.20001220703125,282.239990234375,277.2799987792969,282.1600036621094,567963
2014-09-08,277.6000061035156,277.6000061035156,277.6000061035156,274.1600036621094,274.32000732421875,356900
2014-09-09,276.9599914550781,276.9599914550781,278.55999755859375,276.0799865722656,278.0799865722656,263138
2014-09-10,274.0799865722656,274.0799865722656,275.44000244140625,272.1600036621094,275.3599853515625,636763
2014-09-11,277.5199890136719,277.5199890136719,278.4800109863281,271.2799987792969,271.6000061035156,1018825
2014-09-12,275.0400085449219,275.0400085449219,278.3999938964844,274.3999938964844,276.7200012207031,514113
2014-09-15,276.4800109863281,276.4800109863281,277.2799987792969,273.5199890136719,273.760009765625,400125
2014-09-16,282.0,282.0,283.3599853515625,278.1600036621094,278.4800109863281,646725
2014-09-17,280.0799865722656,280.0799865722656,282.9599914550781,279.2799987792969,281.9200134277344,644525
2014-09-18,276.9599914550781,276.9599914550781,281.5199890136719,276.4800109863281,281.44000244140625,539063
2014-09-19,276.55999755859375,276.55999755859375,277.760009765625,274.55999755859375,276.0799865722656,425375
2014-09-22,273.5199890136719,273.5199890136719,275.67999267578125,272.239990234375,275.2799987792969,493550
2014-09-23,275.5199890136719,275.5199890136719,277.2799987792969,273.44000244140625,274.239990234375,341588
2014-09-24,280.0,280.0,280.8800048828125,274.4800109863281,276.239990234375,768638
2014-09-25,278.6400146484375,278.6400146484375,281.0400085449219,277.20001220703125,280.6400146484375,533300
2014-09-26,281.2799987792969,281.2799987792969,282.55999755859375,278.7200012207031,279.2799987792969,379325
2014-09-29,284.1600036621094,284.1600036621094,284.9599914550781,279.8399963378906,280.0,416688
2014-09-30,275.2799987792969,275.2799987792969,283.8399963378906,273.6000061035156,283.44000244140625,1449013
2014-10-01,273.20001220703125,273.20001220703125,279.8399963378906,272.3999938964844,276.79998779296875,860750
2014-10-02,274.9599914550781,274.9599914550781,275.3599853515625,269.1199951171875,270.0799865722656,1058088
2014-10-03,270.1600036621094,270.1600036621094,274.0799865722656,269.1199951171875,273.3599853515625,822788
2014-10-06,272.32000732421875,272.32000732421875,273.20001220703125,267.2799987792969,270.1600036621094,567675
2014-10-07,267.5199890136719,267.5199890136719,270.4800109863281,266.8800048828125,270.32000732421875,540475
2014-10-08,264.0,264.0,264.7200012207031,261.5199890136719,264.55999755859375,932313
2014-10-09,256.8800048828125,256.8800048828125,261.8399963378906,256.0799865722656,261.20001220703125,989413
2014-10-10,257.44000244140625,257.44000244140625,259.8399963378906,253.9199981689453,257.0400085449219,949900
2014-10-13,255.9199981689453,255.9199981689453,258.55999755859375,253.67999267578125,256.32000732421875,635850
2014-10-14,246.8000030517578,246.8000030517578,255.36000061035156,245.0399932861328,255.27999877929688,1925463
2014-10-15,245.36000061035156,245.36000061035156,248.0800018310547,242.72000122070312,245.52000427246094,1828538
2014-10-16,248.8000030517578,248.8000030517578,255.27999877929688,241.60000610351562,242.8800048828125,2384188
2014-10-17,250.0,250.0,253.0399932861328,248.24000549316406,250.63999938964844,938625
2014-10-20,249.1199951171875,249.1199951171875,249.9199981689453,245.27999877929688,248.72000122070312,756300
2014-10-21,250.39999389648438,250.39999389648438,252.8000030517578,247.75999450683594,251.36000061035156,722313
2014-10-22,244.39999389648438,244.39999389648438,252.0,243.67999267578125,251.75999450683594,1075250
2014-10-23,248.47999572753906,248.47999572753906,250.0800018310547,246.16000366210938,247.1999969482422,907350
2014-10-24,247.0399932861328,247.0399932861328,247.1199951171875,244.0,246.39999389648438,706163
2014-10-27,245.1199951171875,245.1199951171875,246.16000366210938,241.27999877929688,242.32000732421875,650413
2014-10-28,246.55999755859375,246.55999755859375,247.36000061035156,244.55999755859375,245.52000427246094,509750
2014-10-29,249.83999633789062,249.83999633789062,251.60000610351562,248.0,249.44000244140625,954113
2014-10-30,246.0800018310547,246.0800018310547,248.0800018310547,245.0399932861328,247.1199951171875,750375
2014-10-31,245.0399932861328,245.0399932861328,245.1999969482422,241.52000427246094,241.9199981689453,585113
2014-11-03,238.0800018310547,238.0800018310547,245.75999450683594,237.27999877929688,244.0800018310547,2361775
2014-11-04,234.39999389648438,234.39999389648438,234.9600067138672,231.1199951171875,234.47999572753906,1581838
2014-11-05,239.60000610351562,239.60000610351562,240.8800048828125,234.72000122070312,234.8000030517578,1731388
2014-11-06,236.8000030517578,236.8000030517578,237.52000427246094,234.0800018310547,235.75999450683594,793963
2014-11-07,238.0800018310547,238.0800018310547,241.0399932861328,237.83999633789062,238.0,823138
2014-11-10,234.72000122070312,234.72000122070312,241.36000061035156,234.16000366210938,241.36000061035156,937400
2014-11-11,235.36000061035156,235.36000061035156,236.72000122070312,232.16000366210938,234.72000122070312,607450
2014-11-12,233.1199951171875,233.1199951171875,236.55999755859375,232.63999938964844,233.9199981689453,754075
2014-11-13,226.32000732421875,226.32000732421875,231.83999633789062,224.8000030517578,231.44000244140625,2205788
2014-11-14,230.63999938964844,230.63999938964844,231.60000610351562,226.32000732421875,227.27999877929688,999863
2014-11-17,229.44000244140625,229.44000244140625,230.24000549316406,227.44000244140625,227.67999267578125,723913
2014-11-18,225.60000610351562,225.60000610351562,228.39999389648438,225.52000427246094,227.83999633789062,909075
2014-11-19,226.0,226.0,228.9600067138672,224.8000030517578,226.8800048828125,841650
2014-11-20,229.83999633789062,229.83999633789062,230.47999572753906,227.0399932861328,228.0800018310547,903213
2014-11-21,232.8000030517578,232.8000030517578,233.1199951171875,229.67999267578125,232.47999572753906,1351000
2014-11-24,229.9199981689453,229.9199981689453,233.83999633789062,229.1999969482422,231.1999969482422,1056588
2014-11-25,224.24000549316406,224.24000549316406,232.55999755859375,224.0800018310547,232.32000732421875,3099275
2014-11-26,223.1999969482422,223.1999969482422,225.44000244140625,222.8000030517578,223.75999450683594,1874175
2014-11-28,204.63999938964844,204.63999938964844,211.36000061035156,203.67999267578125,210.72000122070312,2532100
2014-12-01,210.55999755859375,210.55999755859375,211.1199951171875,202.0800018310547,202.47999572753906,3248750
2014-12-02,204.63999938964844,204.63999938964844,208.63999938964844,202.55999755859375,206.8000030517578,2553263
2014-12-03,204.63999938964844,204.63999938964844,207.1199951171875,202.8000030517578,205.1199951171875,1537938
2014-12-04,202.72000122070312,202.72000122070312,204.0,200.8000030517578,201.9199981689453,864738
2014-12-05,199.67999267578125,199.67999267578125,201.9199981689453,197.83999633789062,201.1999969482422,1438500
2014-12-08,191.27999877929688,191.27999877929688,196.0,190.63999938964844,195.83999633789062,1912450
2014-12-09,193.60000610351562,193.60000610351562,194.55999755859375,189.9199981689453,190.9600067138672,1508375
2014-12-10,186.24000549316406,186.24000549316406,189.44000244140625,183.60000610351562,189.36000061035156,3276563
2014-12-11,181.44000244140625,181.44000244140625,186.9600067138672,181.0399932861328,183.75999450683594,2695863
2014-12-12,175.44000244140625,175.44000244140625,178.9600067138672,174.47999572753906,178.63999938964844,3308575
2014-12-15,168.47999572753906,168.47999572753906,176.39999389648438,167.75999450683594,175.67999267578125,3217963
2014-12-16,170.39999389648438,170.39999389648438,173.83999633789062,164.24000549316406,165.1999969482422,5962000
2014-12-17,170.72000122070312,170.72000122070312,179.44000244140625,166.8000030517578,167.67999267578125,5928050
2014-12-18,165.9199981689453,165.9199981689453,174.0,164.32000732421875,173.44000244140625,4141300
2014-12-19,175.67999267578125,175.67999267578125,176.8000030517578,167.44000244140625,169.83999633789062,3480113
2014-12-22,167.36000061035156,167.36000061035156,171.1199951171875,166.8800048828125,171.1199951171875,2572713
2014-12-23,172.47999572753906,172.47999572753906,174.16000366210938,167.52000427246094,167.52000427246094,2022325
2014-12-24,168.39999389648438,168.39999389648438,169.60000610351562,166.72000122070312,169.52000427246094,1220325
2014-12-26,166.24000549316406,166.24000549316406,169.75999450683594,165.0399932861328,169.75999450683594,1569313
2014-12-29,162.39999389648438,162.39999389648438,167.60000610351562,160.16000366210938,167.60000610351562,2700738
2014-12-30,162.32000732421875,162.32000732421875,164.39999389648438,161.36000061035156,162.47999572753906,2138475
2014-12-31,162.8800048828125,162.8800048828125,163.36000061035156,158.72000122070312,160.0800018310547,3037663
2015-01-02,159.1199951171875,159.1199951171875,162.8000030517578,157.52000427246094,159.75999450683594,2638313
2015-01-05,150.32000732421875,150.32000732421875,154.8800048828125,150.32000732421875,154.63999938964844,3937438
2015-01-06,144.39999389648438,144.39999389648438,149.60000610351562,144.0,148.47999572753906,5279375
2015-01-07,146.9600067138672,146.9600067138672,149.1999969482422,144.39999389648438,146.39999389648438,3916575
2015-01-08,148.39999389648438,148.39999389648438,148.72000122070312,144.47999572753906,146.24000549316406,3338188
2015-01-09,146.24000549316406,146.24000549316406,148.0,142.8800048828125,147.1999969482422,3312775
2015-01-12,139.27999877929688,139.27999877929688,142.0800018310547,139.1199951171875,142.0800018310547,3845300
2015-01-13,140.9600067138672,140.9600067138672,141.83999633789062,136.8000030517578,138.0,4125963
2015-01-14,146.16000366210938,146.16000366210938,147.83999633789062,138.16000366210938,139.60000610351562,5296163
2015-01-15,139.60000610351562,139.60000610351562,148.8800048828125,139.36000061035156,148.32000732421875,6261588
2015-01-16,146.63999938964844,146.63999938964844,147.67999267578125,141.75999450683594,141.9199981689453,4717325
2015-01-20,139.83999633789062,139.83999633789062,142.8000030517578,138.8000030517578,141.36000061035156,3563363
2015-01-21,142.16000366210938,142.16000366210938,144.24000549316406,140.8000030517578,141.75999450683594,2957988
2015-01-22,139.27999877929688,139.27999877929688,143.52000427246094,137.27999877929688,142.72000122070312,4722638
2015-01-23,136.0,136.0,139.75999450683594,135.67999267578125,137.44000244140625,4067663
2015-01-26,134.9600067138672,134.9600067138672,138.8000030517578,134.8800048828125,136.0,3548138
2015-01-27,137.67999267578125,137.67999267578125,139.27999877929688,135.1999969482422,135.36000061035156,2901325
2015-01-28,132.47999572753906,132.47999572753906,136.72000122070312,132.0,135.67999267578125,5010625
2015-01-29,133.44000244140625,133.44000244140625,134.47999572753906,130.39999389648438,134.39999389648438,3577388
2015-01-30,142.55999755859375,142.55999755859375,144.55999755859375,133.83999633789062,133.9199981689453,5995188
2015-02-02,148.9600067138672,148.9600067138672,149.60000610351562,143.44000244140625,147.1999969482422,5189975
2015-02-03,156.9600067138672,156.9600067138672,162.32000732421875,150.8800048828125,151.60000610351562,9557625
2015-02-04,146.24000549316406,146.24000549316406,152.8000030517578,143.60000610351562,152.63999938964844,8318588
2015-02-05,152.24000549316406,152.24000549316406,155.83999633789062,147.83999633789062,147.9199981689453,6273275
2015-02-06,155.75999450683594,155.75999450683594,159.0399932861328,152.8800048828125,153.44000244140625,5191263
2015-02-09,158.16000366210938,158.16000366210938,161.44000244140625,157.44000244140625,158.24000549316406,4354900
2015-02-10,151.52000427246094,151.52000427246094,156.8000030517578,149.36000061035156,156.72000122070312,4217725
2015-02-11,148.0800018310547,148.0800018310547,149.67999267578125,144.0800018310547,147.9199981689453,4519538
2015-02-12,153.44000244140625,153.44000244140625,154.47999572753906,149.1999969482422,152.32000732421875,3990525
2015-02-13,156.9600067138672,156.9600067138672,159.75999450683594,155.67999267578125,157.83999633789062,3862988
2015-02-17,158.32000732421875,158.32000732421875,161.52000427246094,151.9199981689453,155.0399932861328,3811400
2015-02-18,154.0800018310547,154.0800018310547,158.63999938964844,153.36000061035156,156.39999389648438,3145075
2015-02-19,152.8000030517578,152.8000030517578,155.0399932861328,147.1199951171875,147.60000610351562,6027513
2015-02-20,149.1999969482422,149.1999969482422,153.36000061035156,149.1199951171875,152.55999755859375,3568038
2015-02-23,144.8800048828125,144.8800048828125,148.72000122070312,144.16000366210938,145.36000061035156,6229325
2015-02-24,144.32000732421875,144.32000732421875,147.75999450683594,144.16000366210938,147.27999877929688,2277100
2015-02-25,149.1999969482422,149.1999969482422,150.39999389648438,142.55999755859375,145.1999969482422,4786513
2015-02-26,144.24000549316406,144.24000549316406,147.44000244140625,140.63999938964844,146.24000549316406,5014588
2015-02-27,144.8000030517578,144.8000030517578,146.8000030517578,142.55999755859375,144.8800048828125,3558788
2015-03-02,146.55999755859375,146.55999755859375,150.0800018310547,144.16000366210938,145.0399932861328,2988463
2015-03-03,147.9199981689453,147.9199981689453,149.36000061035156,145.44000244140625,146.55999755859375,2859313
2015-03-04,152.0800018310547,152.0800018310547,152.8000030517578,145.9199981689453,149.67999267578125,4095288
2015-03-05,149.67999267578125,149.67999267578125,152.8000030517578,148.8800048828125,150.72000122070312,2845650
2015-03-06,145.9199981689453,145.9199981689453,148.39999389648438,143.75999450683594,147.27999877929688,3432000
2015-03-09,146.8000030517578,146.8000030517578,149.1199951171875,145.1199951171875,145.44000244140625,2466125
2015-03-10,143.27999877929688,143.27999877929688,145.9199981689453,141.9199981689453,144.72000122070312,3344225
2015-03-11,142.16000366210938,142.16000366210938,142.8000030517578,139.52000427246094,142.72000122070312,3726263
2015-03-12,139.52000427246094,139.52000427246094,142.47999572753906,138.72000122070312,142.16000366210938,2975613
2015-03-13,134.39999389648438,134.39999389648438,137.36000061035156,133.36000061035156,137.1999969482422,5575763
2015-03-16,130.8000030517578,130.8000030517578,131.9199981689453,128.0,131.75999450683594,4962713
2015-03-17,127.68000030517578,127.68000030517578,129.9199981689453,127.19999694824219,128.39999389648438,3909250
2015-03-18,134.0800018310547,134.0800018310547,134.24000549316406,124.87999725341797,125.44000244140625,6803463
2015-03-19,128.63999938964844,128.63999938964844,130.72000122070312,127.27999877929688,127.5199966430664,4052600
2015-03-20,131.44000244140625,131.44000244140625,134.39999389648438,131.0399932861328,132.39999389648438,3674463
2015-03-23,134.24000549316406,134.24000549316406,135.0399932861328,131.52000427246094,131.67999267578125,2645050
2015-03-24,134.32000732421875,134.32000732421875,136.0800018310547,133.67999267578125,135.75999450683594,2656113
2015-03-25,138.8800048828125,138.8800048828125,140.24000549316406,134.32000732421875,136.39999389648438,3994238
2015-03-26,145.67999267578125,145.67999267578125,146.39999389648438,141.1999969482422,143.44000244140625,5439213
2015-03-27,137.1199951171875,137.1199951171875,143.27999877929688,136.9600067138672,143.27999877929688,3954138
2015-03-30,137.83999633789062,137.83999633789062,139.36000061035156,135.0399932861328,138.39999389648438,3259450
2015-03-31,134.72000122070312,134.72000122070312,137.9199981689453,134.32000732421875,135.9199981689453,2884625
2015-04-01,140.63999938964844,140.63999938964844,143.0399932861328,135.44000244140625,136.0,4369238
2015-04-02,140.47999572753906,140.47999572753906,141.44000244140625,136.47999572753906,138.9600067138672,4674100
2015-04-06,147.44000244140625,147.44000244140625,148.0800018310547,141.52000427246094,142.8000030517578,5161613
2015-04-07,152.47999572753906,152.47999572753906,153.44000244140625,145.44000244140625,145.83999633789062,5493675
2015-04-08,144.55999755859375,144.55999755859375,150.0,143.0399932861328,149.67999267578125,4861588
2015-04-09,144.24000549316406,144.24000549316406,147.9199981689453,144.0,145.1199951171875,2348750
2015-04-10,147.27999877929688,147.27999877929688,147.75999450683594,145.0399932861328,145.27999877929688,2039138
2015-04-13,148.0,148.0,150.39999389648438,146.72000122070312,149.83999633789062,2315575
2015-04-14,150.55999755859375,150.55999755859375,152.24000549316406,149.1199951171875,149.83999633789062,2729725
2015-04-15,157.67999267578125,157.67999267578125,159.1999969482422,151.44000244140625,152.24000549316406,6516925
2015-04-16,159.52000427246094,159.52000427246094,161.75999450683594,155.75999450683594,157.44000244140625,4219188
2015-04-17,158.72000122070312,158.72000122070312,160.55999755859375,156.39999389648438,158.32000732421875,2723788
2015-04-20,159.1199951171875,159.1199951171875,161.27999877929688,156.8000030517578,156.8800048828125,3107888
2015-04-21,155.60000610351562,155.60000610351562,159.67999267578125,154.39999389648438,158.55999755859375,2903988
2015-04-22,154.8800048828125,154.8800048828125,157.27999877929688,154.0800018310547,155.67999267578125,2161838
2015-04-23,158.0800018310547,158.0800018310547,160.63999938964844,155.75999450683594,156.0,3176175
2015-04-24,157.36000061035156,157.36000061035156,157.83999633789062,155.36000061035156,156.72000122070312,2414700
2015-04-27,156.16000366210938,156.16000366210938,159.1999969482422,155.52000427246094,158.24000549316406,1974113
2015-04-28,156.8000030517578,156.8000030517578,159.0399932861328,156.16000366210938,156.9600067138672,2605850
2015-04-29,160.9600067138672,160.9600067138672,163.1999969482422,157.0399932861328,157.1199951171875,3916663
2015-04-30,164.0800018310547,164.0800018310547,164.39999389648438,160.72000122070312,161.1999969482422,2384363
2015-05-01,163.1999969482422,163.1999969482422,163.36000061035156,160.47999572753906,162.39999389648438,1818250
2015-05-04,162.24000549316406,162.24000549316406,162.47999572753906,160.8000030517578,162.0800018310547,1754450
2015-05-05,166.0800018310547,166.0800018310547,168.0,165.83999633789062,166.55999755859375,3483213
2015-05-06,166.55999755859375,166.55999755859375,172.0,166.55999755859375,169.9199981689453,4421863
2015-05-07,161.60000610351562,161.60000610351562,166.39999389648438,160.8800048828125,166.32000732421875,3068038
2015-05-08,163.36000061035156,163.36000061035156,163.83999633789062,159.75999450683594,162.47999572753906,2185888
2015-05-11,163.0399932861328,163.0399932861328,164.32000732421875,161.44000244140625,163.83999633789062,1593675
2015-05-12,165.9199981689453,165.9199981689453,168.0,163.60000610351562,163.9199981689453,2444175
2015-05-13,164.8800048828125,164.8800048828125,169.60000610351562,164.8800048828125,168.55999755859375,2971675
2015-05-14,164.24000549316406,164.24000549316406,167.1199951171875,163.1999969482422,166.39999389648438,2141225
2015-05-15,164.16000366210938,164.16000366210938,164.39999389648438,160.39999389648438,161.1999969482422,2107350
2015-05-18,163.52000427246094,163.52000427246094,164.39999389648438,161.83999633789062,163.52000427246094,1969950
2015-05-19,157.0399932861328,157.0399932861328,160.16000366210938,156.63999938964844,159.67999267578125,3565050
2015-05-20,158.72000122070312,158.72000122070312,159.75999450683594,157.27999877929688,158.72000122070312,2844488
2015-05-21,164.0,164.0,164.72000122070312,161.60000610351562,162.16000366210938,3321700
2015-05-22,162.0,162.0,162.55999755859375,160.72000122070312,160.8000030517578,1606775
2015-05-26,157.52000427246094,157.52000427246094,159.1999969482422,156.0,158.47999572753906,2549413
2015-05-27,155.83999633789062,155.83999633789062,157.67999267578125,155.1199951171875,155.67999267578125,2437100
2015-05-28,156.47999572753906,156.47999572753906,156.47999572753906,152.72000122070312,153.75999450683594,3356013
2015-05-29,162.47999572753906,162.47999572753906,164.0,156.8000030517578,156.8800048828125,3994238
2015-06-01,162.8800048828125,162.8800048828125,163.83999633789062,160.32000732421875,162.8800048828125,1935475
2015-06-02,165.44000244140625,165.44000244140625,166.39999389648438,163.27999877929688,164.24000549316406,2275825
2015-06-03,161.36000061035156,161.36000061035156,165.9199981689453,160.39999389648438,163.9199981689453,2090675
2015-06-04,157.27999877929688,157.27999877929688,159.75999450683594,156.39999389648438,159.36000061035156,2546888
2015-06-05,159.1999969482422,159.1999969482422,160.0,153.83999633789062,154.0,2639275
2015-06-08,157.67999267578125,157.67999267578125,159.1199951171875,156.39999389648438,158.0,1432138
2015-06-09,161.67999267578125,161.67999267578125,163.1199951171875,161.1199951171875,161.60000610351562,1962013
2015-06-10,165.1199951171875,165.1199951171875,166.39999389648438,163.44000244140625,166.32000732421875,2833488
2015-06-11,163.9199981689453,163.9199981689453,164.9600067138672,162.63999938964844,164.9600067138672,1160638
2015-06-12,162.16000366210938,162.16000366210938,163.27999877929688,161.52000427246094,162.0800018310547,1211600
2015-06-15,161.1999969482422,161.1999969482422,161.60000610351562,159.52000427246094,159.60000610351562,1256463
2015-06-16,162.0800018310547,162.0800018310547,162.72000122070312,161.0399932861328,161.36000061035156,805250
2015-06-17,161.67999267578125,161.67999267578125,165.27999877929688,159.1999969482422,164.9600067138672,2466850
2015-06-18,162.8800048828125,162.8800048828125,163.60000610351562,161.36000061035156,162.72000122070312,1858013
2015-06-19,160.16000366210938,160.16000366210938,161.1999969482422,158.8800048828125,160.32000732421875,1774213
2015-06-22,161.27999877929688,161.27999877929688,162.0,159.0399932861328,159.36000061035156,1408363
2015-06-23,163.75999450683594,163.75999450683594,164.55999755859375,159.67999267578125,160.16000366210938,2267025
2015-06-24,161.67999267578125,161.67999267578125,164.9600067138672,160.32000732421875,162.9600067138672,2670688
2015-06-25,159.83999633789062,159.83999633789062,160.9600067138672,159.36000061035156,160.39999389648438,1508500
2015-06-26,159.83999633789062,159.83999633789062,160.72000122070312,157.83999633789062,158.32000732421875,1364363
2015-06-29,156.0800018310547,156.0800018310547,157.83999633789062,155.9199981689453,156.72000122070312,2362300
2015-06-30,159.0399932861328,159.0399932861328,160.0,157.1999969482422,157.9199981689453,1841575
2015-07-01,152.8000030517578,152.8000030517578,156.63999938964844,152.0,156.32000732421875,3128238
2015-07-02,151.44000244140625,151.44000244140625,155.36000061035156,151.44000244140625,153.27999877929688,2300313
2015-07-06,141.83999633789062,141.83999633789062,146.63999938964844,140.63999938964844,146.55999755859375,5214375
2015-07-07,142.0800018310547,142.0800018310547,143.27999877929688,135.60000610351562,140.72000122070312,5459000
2015-07-08,139.0399932861328,139.0399932861328,141.60000610351562,136.55999755859375,140.9600067138672,2958588
2015-07-09,141.67999267578125,141.67999267578125,143.27999877929688,140.24000549316406,142.39999389648438,2158288
2015-07-10,141.36000061035156,141.36000061035156,142.39999389648438,139.36000061035156,141.1999969482422,2132975
2015-07-13,140.0800018310547,140.0800018310547,142.63999938964844,138.8000030517578,139.1999969482422,2103163
2015-07-14,141.75999450683594,141.75999450683594,142.8800048828125,138.55999755859375,138.8000030517578,2475300
2015-07-15,137.83999633789062,137.83999633789062,141.60000610351562,137.1999969482422,140.0,3573813
2015-07-16,136.39999389648438,136.39999389648438,139.1999969482422,136.0,139.1199951171875,2428513
2015-07-17,135.9199981689453,135.9199981689453,136.39999389648438,134.24000549316406,136.32000732421875,2976488
2015-07-20,133.52000427246094,133.52000427246094,135.75999450683594,133.52000427246094,135.44000244140625,2055688
2015-07-21,135.27999877929688,135.27999877929688,136.63999938964844,134.24000549316406,134.72000122070312,1602138
2015-07-22,130.72000122070312,130.72000122070312,134.47999572753906,130.39999389648438,133.27999877929688,3386963
2015-07-23,129.1199951171875,129.1199951171875,131.9199981689453,128.16000366210938,131.52000427246094,2836525
2015-07-24,128.24000549316406,128.24000549316406,129.44000244140625,126.87999725341797,129.44000244140625,2905775
2015-07-27,125.19999694824219,125.19999694824219,127.19999694824219,125.12000274658203,126.4800033569336,4755175
2015-07-28,126.80000305175781,126.80000305175781,128.72000122070312,125.12000274658203,126.08000183105469,2749613
2015-07-29,129.9199981689453,129.9199981689453,131.60000610351562,126.4000015258789,126.55999755859375,4339963
2015-07-30,128.8000030517578,128.8000030517578,130.9600067138672,128.47999572753906,129.67999267578125,1733938
2015-07-31,124.72000122070312,124.72000122070312,129.1199951171875,124.31999969482422,128.9600067138672,3075250
2015-08-03,120.80000305175781,120.80000305175781,123.76000213623047,119.83999633789062,122.31999969482422,4349038
2015-08-04,121.76000213623047,121.76000213623047,122.87999725341797,120.80000305175781,121.68000030517578,1817788
2015-08-05,120.23999786376953,120.23999786376953,124.16000366210938,119.19999694824219,122.4800033569336,3325950
2015-08-06,118.95999908447266,118.95999908447266,119.19999694824219,117.44000244140625,118.80000305175781,2991625
2015-08-07,116.4800033569336,116.4800033569336,118.23999786376953,116.16000366210938,117.76000213623047,2475525
2015-08-10,119.12000274658203,119.12000274658203,119.91999816894531,115.83999633789062,116.16000366210938,2560338
2015-08-11,115.91999816894531,115.91999816894531,116.31999969482422,114.16000366210938,115.83999633789062,3177363
2015-08-12,115.5199966430664,115.5199966430664,116.63999938964844,114.23999786376953,116.16000366210938,2300675
2015-08-13,112.72000122070312,112.72000122070312,114.23999786376953,111.83999633789062,114.23999786376953,3308050
2015-08-14,111.91999816894531,111.91999816894531,114.16000366210938,111.83999633789062,113.36000061035156,2085750
2015-08-17,111.12000274658203,111.12000274658203,113.27999877929688,110.87999725341797,112.4000015258789,2080838
2015-08-18,112.4000015258789,112.4000015258789,113.68000030517578,110.72000122070312,111.44000244140625,1932513
2015-08-19,107.44000244140625,107.44000244140625,112.23999786376953,107.27999877929688,111.83999633789062,4487400
2015-08-20,106.95999908447266,106.95999908447266,109.5999984741211,106.80000305175781,108.4000015258789,3940025
2015-08-21,105.83999633789062,105.83999633789062,108.55999755859375,104.4800033569336,107.68000030517578,3927350
2015-08-24,99.91999816894531,99.91999816894531,103.5199966430664,98.95999908447266,100.95999908447266,6165113
2015-08-25,101.83999633789062,101.83999633789062,104.4000015258789,101.68000030517578,104.16000366210938,4038163
2015-08-26,102.16000366210938,102.16000366210938,104.0,100.95999908447266,102.80000305175781,4054950
2015-08-27,111.5999984741211,111.5999984741211,112.0,104.31999969482422,104.4000015258789,7021275
2015-08-28,119.04000091552734,119.04000091552734,120.23999786376953,110.63999938964844,110.63999938964844,8598013
2015-08-31,127.12000274658203,127.12000274658203,129.1999969482422,114.23999786376953,117.36000061035156,10985725
2015-09-01,118.4800033569336,118.4800033569336,124.72000122070312,117.5199966430664,123.83999633789062,7173325
2015-09-02,120.72000122070312,120.72000122070312,122.55999755859375,113.27999877929688,120.87999725341797,7385075
2015-09-03,122.72000122070312,122.72000122070312,126.80000305175781,120.4000015258789,121.83999633789062,5712138
2015-09-04,120.63999938964844,120.63999938964844,122.72000122070312,119.83999633789062,121.68000030517578,2765488
2015-09-08,120.16000366210938,120.16000366210938,121.5999984741211,116.63999938964844,119.27999877929688,3644588
2015-09-09,116.08000183105469,116.08000183105469,120.4800033569336,115.5999984741211,119.91999816894531,2731413
2015-09-10,119.44000244140625,119.44000244140625,120.4000015258789,115.76000213623047,116.87999725341797,2436788
2015-09-11,117.19999694824219,117.19999694824219,118.87999725341797,115.5199966430664,116.95999908447266,3214238
2015-09-14,115.12000274658203,115.12000274658203,116.16000366210938,114.0,115.36000061035156,2223888
2015-09-15,116.55999755859375,116.55999755859375,117.44000244140625,114.80000305175781,115.83999633789062,2153038
2015-09-16,122.87999725341797,122.87999725341797,123.44000244140625,118.4800033569336,119.27999877929688,5533088
2015-09-17,121.83999633789062,121.83999633789062,124.31999969482422,121.04000091552734,123.04000091552734,3551763
2015-09-18,116.95999908447266,116.95999908447266,119.83999633789062,115.36000061035156,118.95999908447266,3599750
2015-09-21,120.4000015258789,120.4000015258789,121.5199966430664,118.55999755859375,119.36000061035156,2887375
2015-09-22,119.36000061035156,119.36000061035156,120.23999786376953,117.36000061035156,118.16000366210938,3544638
2015-09-23,115.5199966430664,115.5199966430664,121.91999816894531,114.80000305175781,120.63999938964844,4620525
2015-09-24,116.72000122070312,116.72000122070312,116.80000305175781,113.91999816894531,114.31999969482422,3334300
2015-09-25,117.76000213623047,117.76000213623047,119.83999633789062,116.80000305175781,118.4800033569336,2783438
2015-09-28,115.04000091552734,115.04000091552734,117.19999694824219,114.55999755859375,115.5999984741211,2541425
2015-09-29,116.87999725341797,116.87999725341797,118.08000183105469,115.5999984741211,116.08000183105469,1837550
2015-09-30,117.44000244140625,117.44000244140625,118.55999755859375,115.68000030517578,116.4000015258789,3060838
2015-10-01,116.63999938964844,116.63999938964844,121.5999984741211,115.44000244140625,121.19999694824219,4043963
2015-10-02,118.16000366210938,118.16000366210938,118.4000015258789,113.68000030517578,114.31999969482422,3491463
2015-10-05,120.0,120.0,121.27999877929688,119.04000091552734,120.23999786376953,2897725
2015-10-06,125.91999816894531,125.91999816894531,126.0,120.63999938964844,120.87999725341797,5568075
2015-10-07,124.55999755859375,124.55999755859375,128.39999389648438,123.36000061035156,127.44000244140625,5104100
2015-10-08,128.32000732421875,128.32000732421875,129.36000061035156,124.55999755859375,125.27999877929688,3707563
2015-10-09,127.91999816894531,127.91999816894531,129.60000610351562,127.04000091552734,128.32000732421875,3722325
2015-10-12,122.4800033569336,122.4800033569336,127.91999816894531,121.5999984741211,127.91999816894531,3620138
2015-10-13,120.4800033569336,120.4800033569336,124.95999908447266,119.91999816894531,121.44000244140625,3733813
2015-10-14,120.4000015258789,120.4000015258789,121.27999877929688,118.80000305175781,119.83999633789062,2345463
2015-10-15,121.04000091552734,121.04000091552734,121.12000274658203,117.04000091552734,118.4800033569336,4521075
2015-10-16,121.76000213623047,121.76000213623047,122.55999755859375,119.27999877929688,122.23999786376953,2893050
2015-10-19,118.63999938964844,118.63999938964844,120.16000366210938,118.16000366210938,119.27999877929688,2648725
2015-10-20,117.83999633789062,117.83999633789062,119.91999816894531,116.87999725341797,118.4000015258789,2532213
2015-10-21,115.44000244140625,115.44000244140625,117.36000061035156,114.72000122070312,116.0,3319375
2015-10-22,116.08000183105469,116.08000183105469,117.83999633789062,114.80000305175781,116.95999908447266,2078150
2015-10-23,114.16000366210938,114.16000366210938,115.12000274658203,113.04000091552734,113.83999633789062,3346850
2015-10-26,112.08000183105469,112.08000183105469,113.5999984741211,112.0,113.44000244140625,2644313
2015-10-27,110.55999755859375,110.55999755859375,110.80000305175781,108.87999725341797,109.68000030517578,3298113
2015-10-28,117.5199966430664,117.5199966430664,117.5999984741211,111.27999877929688,111.76000213623047,6116988
2015-10-29,117.04000091552734,117.04000091552734,119.5199966430664,116.63999938964844,117.68000030517578,2749213
2015-10-30,118.4800033569336,118.4800033569336,120.16000366210938,116.55999755859375,117.27999877929688,2415288
2015-11-02,118.0,118.0,119.36000061035156,117.19999694824219,117.5199966430664,2009450
2015-11-03,122.23999786376953,122.23999786376953,123.5999984741211,119.5199966430664,120.31999969482422,4542538
2015-11-04,118.80000305175781,118.80000305175781,122.23999786376953,118.0,121.5999984741211,3222875
2015-11-05,115.83999633789062,115.83999633789062,118.72000122070312,115.36000061035156,117.36000061035156,3267375
2015-11-06,113.83999633789062,113.83999633789062,114.95999908447266,112.80000305175781,114.31999969482422,2799963
2015-11-09,112.63999938964844,112.63999938964844,113.83999633789062,111.5999984741211,112.80000305175781,2782213
2015-11-10,112.72000122070312,112.72000122070312,114.31999969482422,111.91999816894531,112.0,1985975
2015-11-11,110.08000183105469,110.08000183105469,112.72000122070312,109.12000274658203,112.4800033569336,3019288
2015-11-12,106.80000305175781,106.80000305175781,109.5999984741211,106.55999755859375,107.5999984741211,4195875
2015-11-13,104.4800033569336,104.4800033569336,105.83999633789062,103.27999877929688,105.5999984741211,4322938
2015-11-16,107.12000274658203,107.12000274658203,107.44000244140625,102.4800033569336,104.0,4723425
2015-11-17,104.08000183105469,104.08000183105469,105.76000213623047,103.5199966430664,105.36000061035156,2872350
2015-11-18,104.4000015258789,104.4000015258789,105.5999984741211,102.63999938964844,105.12000274658203,3094350
2015-11-19,103.68000030517578,103.68000030517578,104.23999786376953,102.87999725341797,103.36000061035156,2807150
2015-11-20,103.44000244140625,103.44000244140625,106.23999786376953,102.87999725341797,103.5199966430664,4722025
2015-11-23,104.16000366210938,104.16000366210938,105.91999816894531,102.55999755859375,102.72000122070312,3630650
2015-11-24,106.55999755859375,106.55999755859375,108.0,105.5999984741211,106.80000305175781,3195025
2015-11-25,107.12000274658203,107.12000274658203,107.36000061035156,103.68000030517578,104.87999725341797,3389625
2015-11-27,104.23999786376953,104.23999786376953,104.87999725341797,104.0,104.72000122070312,1327450
2015-11-30,103.44000244140625,103.44000244140625,105.83999633789062,103.19999694824219,105.44000244140625,2770025
2015-12-01,103.5999984741211,103.5999984741211,104.87999725341797,102.63999938964844,103.36000061035156,2457338
2015-12-02,99.83999633789062,99.83999633789062,104.23999786376953,99.04000091552734,102.16000366210938,6567975
2015-12-03,102.16000366210938,102.16000366210938,103.76000213623047,99.5999984741211,100.72000122070312,4499675
2015-12-04,99.68000030517578,99.68000030517578,101.04000091552734,98.63999938964844,99.5999984741211,5235563
2015-12-07,93.76000213623047,93.76000213623047,96.63999938964844,93.19999694824219,96.16000366210938,6665800
2015-12-08,93.44000244140625,93.44000244140625,95.76000213623047,91.5999984741211,92.16000366210938,4946713
2015-12-09,92.4800033569336,92.4800033569336,96.4800033569336,91.44000244140625,94.16000366210938,4858888
2015-12-10,90.95999908447266,90.95999908447266,92.55999755859375,90.63999938964844,91.5199966430664,4218238
2015-12-11,88.55999755859375,88.55999755859375,90.63999938964844,88.0,90.4000015258789,5557613
2015-12-14,89.27999877929688,89.27999877929688,90.4000015258789,86.31999969482422,87.76000213623047,4893525
2015-12-15,91.19999694824219,91.19999694824219,93.19999694824219,90.0,90.63999938964844,4486513
2015-12-16,87.91999816894531,87.91999816894531,90.72000122070312,87.04000091552734,89.83999633789062,4548413
2015-12-17,85.91999816894531,85.91999816894531,87.5999984741211,85.68000030517578,87.5999984741211,3758075
2015-12-18,85.27999877929688,85.27999877929688,87.91999816894531,84.95999908447266,86.4800033569336,4639063
2015-12-21,85.27999877929688,85.27999877929688,86.0,84.16000366210938,84.80000305175781,3316550
2015-12-22,86.16000366210938,86.16000366210938,87.04000091552734,85.27999877929688,85.44000244140625,2742775
2015-12-23,90.08000183105469,90.08000183105469,90.31999969482422,88.0,88.4800033569336,4919263
2015-12-24,90.4000015258789,90.4000015258789,90.80000305175781,89.83999633789062,90.72000122070312,2379650
2015-12-28,87.44000244140625,87.44000244140625,88.55999755859375,87.27999877929688,88.4800033569336,2561988
2015-12-29,90.08000183105469,90.08000183105469,90.31999969482422,89.19999694824219,89.27999877929688,2948150
2015-12-30,87.44000244140625,87.44000244140625,88.0,86.72000122070312,87.68000030517578,3099550
2015-12-31,88.0,88.0,89.91999816894531,86.55999755859375,86.72000122070312,3795288
2016-01-04,87.83999633789062,87.83999633789062,91.36000061035156,86.55999755859375,90.08000183105469,4529588
2016-01-05,85.27999877929688,85.27999877929688,86.95999908447266,85.12000274658203,86.4000015258789,4021700
2016-01-06,80.87999725341797,80.87999725341797,83.76000213623047,80.4800033569336,82.4000015258789,9135888
2016-01-07,79.19999694824219,79.19999694824219,81.5999984741211,78.80000305175781,79.12000274658203,6499713
2016-01-08,78.4000015258789,78.4000015258789,80.16000366210938,77.68000030517578,79.5999984741211,5586050
2016-01-11,74.0,74.0,78.08000183105469,73.5999984741211,77.76000213623047,10285050
2016-01-12,73.36000061035156,73.36000061035156,75.83999633789062,71.19999694824219,75.44000244140625,12760663
2016-01-13,72.72000122070312,72.72000122070312,75.12000274658203,71.44000244140625,74.4000015258789,12569463
2016-01-14,73.83999633789062,73.83999633789062,74.72000122070312,72.31999969482422,73.12000274658203,5953413
2016-01-15,70.31999969482422,70.31999969482422,71.19999694824219,69.12000274658203,70.31999969482422,11602613
2016-01-19,67.91999816894531,67.91999816894531,70.16000366210938,67.5999984741211,70.0,7540325
2016-01-20,65.91999816894531,65.91999816894531,66.95999908447266,63.36000061035156,66.72000122070312,10401950
2016-01-21,68.4800033569336,68.4800033569336,69.5199966430664,64.4800033569336,64.80000305175781,10902175
2016-01-22,74.16000366210938,74.16000366210938,74.31999969482422,71.76000213623047,72.72000122070312,7819525
2016-01-25,68.31999969482422,68.31999969482422,72.95999908447266,68.31999969482422,71.5199966430664,6934875
2016-01-26,71.76000213623047,71.76000213623047,74.4800033569336,69.91999816894531,70.4800033569336,6430600
2016-01-27,73.44000244140625,73.44000244140625,75.44000244140625,70.31999969482422,71.36000061035156,8928713
2016-01-28,77.5999984741211,77.5999984741211,78.87999725341797,75.27999877929688,78.4000015258789,8268888
2016-01-29,77.19999694824219,77.19999694824219,79.04000091552734,75.04000091552734,78.16000366210938,5901213
2016-02-01,72.16000366210938,72.16000366210938,74.87999725341797,71.91999816894531,74.80000305175781,6111225
2016-02-02,68.55999755859375,68.55999755859375,70.4800033569336,68.4800033569336,69.76000213623047,5554688
2016-02-03,74.72000122070312,74.72000122070312,74.80000305175781,68.31999969482422,70.72000122070312,9030788
2016-02-04,72.95999908447266,72.95999908447266,77.19999694824219,72.4800033569336,76.4000015258789,5623150
2016-02-05,71.27999877929688,71.27999877929688,73.83999633789062,70.4000015258789,72.31999969482422,4355950
2016-02-08,69.12000274658203,69.12000274658203,70.55999755859375,68.16000366210938,70.16000366210938,4787288
2016-02-09,65.44000244140625,65.44000244140625,69.36000061035156,63.7599983215332,68.08000183105469,7226550
2016-02-10,63.68000030517578,63.68000030517578,67.19999694824219,63.119998931884766,63.7599983215332,8022850
2016-02-11,63.91999816894531,63.91999816894531,64.23999786376953,61.36000061035156,62.560001373291016,11998838
2016-02-12,66.63999938964844,66.63999938964844,68.16000366210938,64.08000183105469,65.27999877929688,8488400
2016-02-16,66.4800033569336,66.4800033569336,68.16000366210938,65.44000244140625,67.91999816894531,6118750
2016-02-17,70.23999786376953,70.23999786376953,71.19999694824219,67.12000274658203,67.44000244140625,7534175
2016-02-18,69.27999877929688,69.27999877929688,72.55999755859375,69.19999694824219,72.23999786376953,6923763
2016-02-19,68.4000015258789,68.4000015258789,68.80000305175781,66.80000305175781,68.4000015258789,5945325
2016-02-22,71.27999877929688,71.27999877929688,72.08000183105469,70.72000122070312,71.19999694824219,6746513
2016-02-23,67.83999633789062,67.83999633789062,70.08000183105469,67.44000244140625,70.08000183105469,7803400
2016-02-24,68.72000122070312,68.72000122070312,69.04000091552734,65.12000274658203,65.5199966430664,6023738
2016-02-25,70.4000015258789,70.4000015258789,71.36000061035156,66.23999786376953,67.83999633789062,4938338
2016-02-26,70.23999786376953,70.23999786376953,73.27999877929688,69.5999984741211,73.12000274658203,7349925
2016-02-29,72.0,72.0,72.31999969482422,70.23999786376953,70.87999725341797,6325550
2016-03-01,73.19999694824219,73.19999694824219,74.08000183105469,71.12000274658203,71.83999633789062,5950675
2016-03-02,74.4000015258789,74.4000015258789,74.87999725341797,71.5199966430664,72.08000183105469,6188488
2016-03-03,74.0,74.0,75.27999877929688,72.87999725341797,73.04000091552734,4296738
2016-03-04,77.19999694824219,77.19999694824219,77.19999694824219,73.44000244140625,74.31999969482422,6121725
2016-03-07,80.87999725341797,80.87999725341797,81.19999694824219,77.36000061035156,77.44000244140625,8387150
2016-03-08,77.19999694824219,77.19999694824219,80.31999969482422,77.19999694824219,80.31999969482422,5712563
2016-03-09,81.19999694824219,81.19999694824219,81.68000030517578,78.80000305175781,78.95999908447266,5498163
2016-03-10,80.31999969482422,80.31999969482422,80.95999908447266,79.04000091552734,79.68000030517578,4136200
2016-03-11,81.5199966430664,81.5199966430664,82.31999969482422,80.4800033569336,81.68000030517578,3518000
2016-03-14,79.04000091552734,79.04000091552734,79.44000244140625,78.08000183105469,79.36000061035156,4664588
2016-03-15,77.5999984741211,77.5999984741211,77.91999816894531,76.72000122070312,77.83999633789062,4433888
2016-03-16,81.44000244140625,81.44000244140625,81.5999984741211,79.27999877929688,79.27999877929688,4788963
2016-03-17,84.4000015258789,84.4000015258789,84.80000305175781,82.31999969482422,82.95999908447266,5133838
2016-03-18,83.83999633789062,83.83999633789062,86.4000015258789,83.44000244140625,85.68000030517578,4864950
2016-03-21,84.72000122070312,84.72000122070312,84.95999908447266,82.87999725341797,84.0,4374413
2016-03-22,84.31999969482422,84.31999969482422,85.12000274658203,83.04000091552734,83.27999877929688,3535925
2016-03-23,80.87999725341797,80.87999725341797,82.95999908447266,80.63999938964844,82.63999938964844,5024275
2016-03-24,80.4800033569336,80.4800033569336,80.80000305175781,77.91999816894531,78.23999786376953,6322038
2016-03-28,80.08000183105469,80.08000183105469,80.4800033569336,78.95999908447266,80.08000183105469,3406013
2016-03-29,78.4000015258789,78.4000015258789,78.55999755859375,77.04000091552734,77.68000030517578,4371825
2016-03-30,77.83999633789062,77.83999633789062,81.04000091552734,77.5999984741211,79.91999816894531,4619325
2016-03-31,77.5999984741211,77.5999984741211,79.36000061035156,77.36000061035156,77.44000244140625,4086550
2016-04-01,74.63999938964844,74.63999938964844,75.68000030517578,74.55999755859375,75.27999877929688,5033263
2016-04-04,72.63999938964844,72.63999938964844,75.68000030517578,72.4000015258789,74.55999755859375,4840888
2016-04-05,73.04000091552734,73.04000091552734,73.5199966430664,71.91999816894531,72.55999755859375,5333550
2016-04-06,76.80000305175781,76.80000305175781,77.04000091552734,74.55999755859375,75.04000091552734,5712075
2016-04-07,76.08000183105469,76.08000183105469,76.4000015258789,74.63999938964844,75.91999816894531,3525625
2016-04-08,80.23999786376953,80.23999786376953,80.87999725341797,79.44000244140625,79.83999633789062,5894563
2016-04-11,82.23999786376953,82.23999786376953,82.72000122070312,81.19999694824219,81.5199966430664,3633463
2016-04-12,85.12000274658203,85.12000274658203,85.76000213623047,82.4800033569336,82.95999908447266,7083088
2016-04-13,84.08000183105469,84.08000183105469,85.91999816894531,83.83999633789062,84.72000122070312,5366750
2016-04-14,83.83999633789062,83.83999633789062,85.19999694824219,83.36000061035156,84.63999938964844,3969688
2016-04-15,82.0,82.0,82.63999938964844,81.04000091552734,82.23999786376953,4372625
2016-04-18,81.36000061035156,81.36000061035156,81.91999816894531,78.31999969482422,78.72000122070312,4874688
2016-04-19,83.5199966430664,83.5199966430664,84.31999969482422,81.76000213623047,82.0,4684988
2016-04-20,86.08000183105469,86.08000183105469,87.04000091552734,81.5999984741211,81.91999816894531,5312650
2016-04-21,85.76000213623047,85.76000213623047,86.55999755859375,84.63999938964844,85.68000030517578,3392488
2016-04-22,86.08000183105469,86.08000183105469,87.44000244140625,85.5199966430664,86.0,3745525
2016-04-25,84.4000015258789,84.4000015258789,86.4800033569336,83.76000213623047,86.23999786376953,2746975
2016-04-26,86.4800033569336,86.4800033569336,86.95999908447266,84.95999908447266,85.27999877929688,2398775
2016-04-27,89.12000274658203,89.12000274658203,89.76000213623047,86.08000183105469,88.23999786376953,4740113
2016-04-28,89.76000213623047,89.76000213623047,90.72000122070312,88.80000305175781,89.27999877929688,3116988
2016-04-29,90.4000015258789,90.4000015258789,92.0,88.95999908447266,91.36000061035156,4350263
2016-05-02,88.4000015258789,88.4000015258789,90.0,87.5999984741211,89.91999816894531,2701800
2016-05-03,85.91999816894531,85.91999816894531,87.04000091552734,85.27999877929688,86.87999725341797,3551525
2016-05-04,86.31999969482422,86.31999969482422,88.31999969482422,85.04000091552734,87.44000244140625,3107025
2016-05-05,87.19999694824219,87.19999694824219,89.91999816894531,86.4800033569336,89.83999633789062,4269875
2016-05-06,87.68000030517578,87.68000030517578,89.19999694824219,86.23999786376953,86.4800033569336,3299588
2016-05-09,85.44000244140625,85.44000244140625,87.27999877929688,85.12000274658203,86.87999725341797,2767888
2016-05-10,87.91999816894531,87.91999816894531,88.16000366210938,85.76000213623047,86.0,2631888
2016-05-11,90.72000122070312,90.72000122070312,91.36000061035156,86.80000305175781,87.27999877929688,3667275
2016-05-12,91.5999984741211,91.5999984741211,92.23999786376953,89.76000213623047,92.23999786376953,2993300
2016-05-13,90.95999908447266,90.95999908447266,91.44000244140625,90.16000366210938,90.80000305175781,1903750
2016-05-16,94.08000183105469,94.08000183105469,94.31999969482422,93.04000091552734,93.44000244140625,3339175
2016-05-17,95.36000061035156,95.36000061035156,95.44000244140625,93.68000030517578,94.0,2788863
2016-05-18,93.5999984741211,93.5999984741211,96.0,93.5999984741211,94.80000305175781,3678188
2016-05-19,94.31999969482422,94.31999969482422,94.4000015258789,91.5199966430664,92.63999938964844,2737813
2016-05-20,94.0,94.0,94.87999725341797,92.87999725341797,94.31999969482422,2402500
2016-05-23,93.27999877929688,93.27999877929688,93.5199966430664,91.91999816894531,92.08000183105469,2035138
2016-05-24,94.55999755859375,94.55999755859375,94.80000305175781,93.27999877929688,93.36000061035156,2136613
2016-05-25,96.23999786376953,96.23999786376953,96.4000015258789,94.31999969482422,95.36000061035156,3123013
2016-05-26,95.5999984741211,95.5999984741211,96.95999908447266,95.36000061035156,96.87999725341797,2707213
2016-05-27,95.83999633789062,95.83999633789062,95.91999816894531,94.4000015258789,94.72000122070312,1761138
2016-05-31,94.95999908447266,94.95999908447266,97.04000091552734,94.55999755859375,95.83999633789062,2106338
2016-06-01,95.44000244140625,95.44000244140625,95.44000244140625,92.4800033569336,92.95999908447266,3194138
2016-06-02,94.87999725341797,94.87999725341797,95.68000030517578,93.19999694824219,93.36000061035156,2800263
2016-06-03,94.55999755859375,94.55999755859375,95.12000274658203,93.5999984741211,95.12000274658203,2396238
2016-06-06,96.31999969482422,96.31999969482422,96.63999938964844,95.19999694824219,96.08000183105469,2926275
2016-06-07,97.76000213623047,97.76000213623047,97.91999816894531,96.55999755859375,96.80000305175781,2280963
2016-06-08,99.44000244140625,99.44000244140625,99.5999984741211,98.23999786376953,98.72000122070312,3312538
2016-06-09,98.0,98.0,98.55999755859375,97.5199966430664,97.5199966430664,2253463
2016-06-10,94.95999908447266,94.95999908447266,96.80000305175781,94.63999938964844,96.16000366210938,2627675
2016-06-13,94.08000183105469,94.08000183105469,95.5199966430664,93.5999984741211,93.68000030517578,2270488
2016-06-14,93.83999633789062,93.83999633789062,94.31999969482422,93.27999877929688,93.83999633789062,1980300
2016-06-15,91.76000213623047,91.76000213623047,94.23999786376953,91.44000244140625,92.55999755859375,2918800
2016-06-16,89.12000274658203,89.12000274658203,91.36000061035156,88.87999725341797,91.19999694824219,3883588
2016-06-17,93.27999877929688,93.27999877929688,93.36000061035156,91.12000274658203,91.5999984741211,4365225
2016-06-20,95.27999877929688,95.27999877929688,95.68000030517578,94.08000183105469,94.55999755859375,3259663
2016-06-21,95.12000274658203,95.12000274658203,95.5199966430664,93.5199966430664,94.08000183105469,2727875
2016-06-22,93.91999816894531,93.91999816894531,96.31999969482422,92.63999938964844,95.91999816894531,3257088
2016-06-23,95.83999633789062,95.83999633789062,96.0,94.23999786376953,95.36000061035156,2368438
2016-06-24,91.19999694824219,91.19999694824219,92.63999938964844,90.87999725341797,91.04000091552734,4098063
2016-06-27,89.5199966430664,89.5199966430664,89.76000213623047,87.68000030517578,89.76000213623047,3084863
2016-06-28,91.76000213623047,91.76000213623047,91.76000213623047,89.5999984741211,91.19999694824219,2922875
2016-06-29,94.31999969482422,94.31999969482422,95.68000030517578,92.0,92.4000015258789,3102713
2016-06-30,92.55999755859375,92.55999755859375,94.31999969482422,92.16000366210938,93.27999877929688,2756088
2016-07-01,94.23999786376953,94.23999786376953,94.23999786376953,92.0,92.16000366210938,2570888
2016-07-05,89.44000244140625,89.44000244140625,90.95999908447266,88.72000122070312,90.80000305175781,3770288
2016-07-06,90.63999938964844,90.63999938964844,91.27999877929688,88.08000183105469,88.72000122070312,2179525
2016-07-07,86.55999755859375,86.55999755859375,92.31999969482422,85.91999816894531,92.0,4539438
2016-07-08,86.63999938964844,86.63999938964844,87.5999984741211,85.68000030517578,87.27999877929688,2692588
2016-07-11,85.19999694824219,85.19999694824219,87.5999984741211,85.12000274658203,87.27999877929688,2100738
2016-07-12,89.5199966430664,89.5199966430664,89.83999633789062,87.12000274658203,88.31999969482422,3828088
2016-07-13,86.0,86.0,89.19999694824219,85.19999694824219,88.55999755859375,4293163
2016-07-14,86.95999908447266,86.95999908447266,87.5999984741211,86.08000183105469,86.87999725341797,2683238
2016-07-15,87.91999816894531,87.91999816894531,88.63999938964844,87.12000274658203,87.91999816894531,2957013
2016-07-18,86.55999755859375,86.55999755859375,87.04000091552734,85.76000213623047,86.31999969482422,2480275
2016-07-19,85.5999984741211,85.5999984741211,86.55999755859375,85.44000244140625,86.31999969482422,2223175
2016-07-20,85.83999633789062,85.83999633789062,86.80000305175781,84.08000183105469,84.4000015258789,3318988
2016-07-21,83.91999816894531,83.91999816894531,86.0,83.91999816894531,85.44000244140625,2542975
2016-07-22,83.36000061035156,83.36000061035156,84.0,82.4000015258789,83.91999816894531,2811775
2016-07-25,81.04000091552734,81.04000091552734,81.83999633789062,80.87999725341797,81.5999984741211,3042163
2016-07-26,80.63999938964844,80.63999938964844,81.36000061035156,80.16000366210938,80.80000305175781,2977275
2016-07-27,79.19999694824219,79.19999694824219,81.36000061035156,78.4800033569336,80.80000305175781,3619338
2016-07-28,77.36000061035156,77.36000061035156,79.12000274658203,77.27999877929688,78.80000305175781,3546300
2016-07-29,78.08000183105469,78.08000183105469,78.4800033569336,76.4000015258789,77.04000091552734,3188438
2016-08-01,75.27999877929688,75.27999877929688,77.19999694824219,75.04000091552734,76.95999908447266,4745975
2016-08-02,74.63999938964844,74.63999938964844,77.04000091552734,73.91999816894531,76.72000122070312,3786738
2016-08-03,77.5199966430664,77.5199966430664,77.5199966430664,73.83999633789062,74.80000305175781,4553713
2016-08-04,78.72000122070312,78.72000122070312,79.27999877929688,76.31999969482422,76.55999755859375,3780075
2016-08-05,78.87999725341797,78.87999725341797,78.95999908447266,77.27999877929688,78.63999938964844,3856125
2016-08-08,80.80000305175781,80.80000305175781,81.68000030517578,80.16000366210938,80.23999786376953,3611363
2016-08-09,80.55999755859375,80.55999755859375,81.91999816894531,80.08000183105469,81.5199966430664,3217800
2016-08-10,78.16000366210938,78.16000366210938,81.68000030517578,78.0,80.80000305175781,3878975
2016-08-11,81.68000030517578,81.68000030517578,82.55999755859375,78.87999725341797,79.12000274658203,3946300
2016-08-12,84.0,84.0,84.0,82.08000183105469,82.4000015258789,3991263
2016-08-15,86.08000183105469,86.08000183105469,86.23999786376953,84.4800033569336,84.72000122070312,4245650
2016-08-16,87.36000061035156,87.36000061035156,87.68000030517578,85.5999984741211,86.31999969482422,4274225
2016-08-17,87.91999816894531,87.91999816894531,88.16000366210938,86.08000183105469,87.04000091552734,4175325
2016-08-18,90.4000015258789,90.4000015258789,90.72000122070312,88.87999725341797,88.87999725341797,7362925
2016-08-19,90.72000122070312,90.72000122070312,91.04000091552734,89.83999633789062,90.72000122070312,3873375
2016-08-22,87.76000213623047,87.76000213623047,88.87999725341797,87.5999984741211,88.80000305175781,3115513
2016-08-23,88.72000122070312,88.72000122070312,89.44000244140625,86.23999786376953,86.4000015258789,5971813
2016-08-24,86.55999755859375,86.55999755859375,88.23999786376953,85.91999816894531,87.5199966430664,3725563
2016-08-25,87.5999984741211,87.5999984741211,87.83999633789062,86.08000183105469,86.4000015258789,2966363
2016-08-26,87.5999984741211,87.5999984741211,89.68000030517578,86.80000305175781,87.5199966430664,3285813
2016-08-29,86.80000305175781,86.80000305175781,87.36000061035156,86.31999969482422,86.63999938964844,3099063
2016-08-30,85.83999633789062,85.83999633789062,87.76000213623047,85.5199966430664,87.44000244140625,3436475
2016-08-31,82.87999725341797,82.87999725341797,85.27999877929688,82.31999969482422,84.95999908447266,3815000
2016-09-01,80.4800033569336,80.4800033569336,82.16000366210938,79.5999984741211,81.5199966430664,7381888
2016-09-02,81.91999816894531,81.91999816894531,82.72000122070312,81.19999694824219,81.5999984741211,4647313
2016-09-06,83.12000274658203,83.12000274658203,83.19999694824219,81.27999877929688,81.68000030517578,4204763
2016-09-07,84.16000366210938,84.16000366210938,84.31999969482422,82.4800033569336,83.19999694824219,4457100
2016-09-08,87.68000030517578,87.68000030517578,88.23999786376953,84.63999938964844,85.68000030517578,6787150
2016-09-09,84.72000122070312,84.72000122070312,86.55999755859375,84.63999938964844,86.23999786376953,3610350
2016-09-12,85.12000274658203,85.12000274658203,85.91999816894531,82.95999908447266,83.19999694824219,3353863
2016-09-13,82.95999908447266,82.95999908447266,84.55999755859375,82.80000305175781,83.91999816894531,4793325
2016-09-14,80.72000122070312,80.72000122070312,83.44000244140625,80.31999969482422,82.16000366210938,6737950
2016-09-15,81.12000274658203,81.12000274658203,82.08000183105469,80.08000183105469,81.12000274658203,4738550
2016-09-16,80.0,80.0,80.55999755859375,79.19999694824219,79.44000244140625,4880863
2016-09-19,79.83999633789062,79.83999633789062,81.5999984741211,79.83999633789062,80.23999786376953,5723913
2016-09-20,80.55999755859375,80.55999755859375,81.04000091552734,78.55999755859375,78.95999908447266,5591238
2016-09-21,83.19999694824219,83.19999694824219,83.27999877929688,81.68000030517578,82.0,5514575
2016-09-22,84.23999786376953,84.23999786376953,84.87999725341797,83.83999633789062,84.55999755859375,6683125
2016-09-23,81.5199966430664,81.5199966430664,84.63999938964844,80.72000122070312,83.91999816894531,6432350
2016-09-26,83.44000244140625,83.44000244140625,84.31999969482422,82.4800033569336,82.72000122070312,5347263
2016-09-27,81.19999694824219,81.19999694824219,82.31999969482422,80.63999938964844,81.5199966430664,6940463
2016-09-28,85.19999694824219,85.19999694824219,86.55999755859375,80.95999908447266,82.4000015258789,11730200
2016-09-29,86.95999908447266,86.95999908447266,88.16000366210938,85.68000030517578,86.16000366210938,7906988
2016-09-30,87.44000244140625,87.44000244140625,88.16000366210938,87.04000091552734,87.76000213623047,5452663
2016-10-03,88.80000305175781,88.80000305175781,89.44000244140625,87.27999877929688,88.31999969482422,4709063
2016-10-04,88.72000122070312,88.72000122070312,89.5999984741211,88.31999969482422,89.44000244140625,7292938
2016-10-05,90.80000305175781,90.80000305175781,91.19999694824219,89.83999633789062,90.63999938964844,5825413
2016-10-06,92.08000183105469,92.08000183105469,92.31999969482422,91.04000091552734,91.76000213623047,5324850
2016-10-07,90.63999938964844,90.63999938964844,92.08000183105469,90.16000366210938,91.91999816894531,6808750
2016-10-10,93.36000061035156,93.36000061035156,94.16000366210938,92.16000366210938,92.23999786376953,6527025
2016-10-11,92.63999938964844,92.63999938964844,93.91999816894531,91.83999633789062,93.5199966430664,7669700
2016-10-12,91.44000244140625,91.44000244140625,91.91999816894531,90.87999725341797,91.68000030517578,5786288
2016-10-13,91.91999816894531,91.91999816894531,92.08000183105469,89.91999816894531,91.36000061035156,7672113
2016-10-14,91.5199966430664,91.5199966430664,92.08000183105469,90.80000305175781,92.0,6650825
2016-10-17,90.95999908447266,90.95999908447266,91.44000244140625,90.16000366210938,91.27999877929688,4504238
2016-10-18,91.5999984741211,91.5999984741211,92.0,90.55999755859375,91.83999633789062,4800775
2016-10-19,93.27999877929688,93.27999877929688,94.31999969482422,92.4000015258789,92.55999755859375,6027788
2016-10-20,91.44000244140625,91.44000244140625,92.31999969482422,91.12000274658203,91.91999816894531,5650650
2016-10-21,91.83999633789062,91.83999633789062,92.0,90.63999938964844,91.19999694824219,4957163
2016-10-24,91.44000244140625,91.44000244140625,91.5199966430664,89.5999984741211,90.80000305175781,6367538
2016-10-25,89.91999816894531,89.91999816894531,91.36000061035156,89.76000213623047,90.72000122070312,5826588
2016-10-26,88.72000122070312,88.72000122070312,90.4800033569336,88.23999786376953,88.55999755859375,7191438
2016-10-27,89.68000030517578,89.68000030517578,90.4000015258789,88.95999908447266,89.68000030517578,3084113
2016-10-28,88.08000183105469,88.08000183105469,89.83999633789062,87.44000244140625,88.80000305175781,3621300
2016-10-31,84.23999786376953,84.23999786376953,87.04000091552734,84.23999786376953,86.72000122070312,5659538
2016-11-01,84.55999755859375,84.55999755859375,85.5199966430664,83.44000244140625,85.19999694824219,4287363
2016-11-02,82.23999786376953,82.23999786376953,83.68000030517578,81.19999694824219,82.80000305175781,6201275
2016-11-03,80.63999938964844,80.63999938964844,82.16000366210938,80.16000366210938,81.91999816894531,4878825
2016-11-04,79.83999633789062,79.83999633789062,80.95999908447266,78.72000122070312,79.76000213623047,6995025
2016-11-07,81.27999877929688,81.27999877929688,81.27999877929688,79.68000030517578,80.4800033569336,4289838
2016-11-08,80.80000305175781,80.80000305175781,82.0,80.23999786376953,80.4800033569336,3653675
2016-11-09,82.23999786376953,82.23999786376953,82.95999908447266,80.31999969482422,81.12000274658203,5021763
2016-11-10,80.31999969482422,80.31999969482422,81.68000030517578,80.31999969482422,80.80000305175781,4254500
2016-11-11,78.16000366210938,78.16000366210938,79.19999694824219,77.91999816894531,79.04000091552734,6020100
2016-11-14,78.95999908447266,78.95999908447266,79.04000091552734,76.4800033569336,77.83999633789062,5609213
2016-11-15,82.72000122070312,82.72000122070312,83.19999694824219,80.63999938964844,80.63999938964844,7735588
2016-11-16,81.83999633789062,81.83999633789062,83.68000030517578,81.19999694824219,82.23999786376953,5161013
2016-11-17,81.04000091552734,81.04000091552734,83.83999633789062,80.95999908447266,83.5199966430664,5044513
2016-11-18,82.55999755859375,82.55999755859375,82.63999938964844,80.87999725341797,81.91999816894531,3471238
2016-11-21,86.16000366210938,86.16000366210938,86.31999969482422,84.4800033569336,84.80000305175781,5342900
2016-11-22,85.04000091552734,85.04000091552734,86.4800033569336,83.91999816894531,85.91999816894531,5539438
2016-11-23,85.36000061035156,85.36000061035156,86.16000366210938,84.4800033569336,84.80000305175781,3265150
2016-11-25,82.63999938964844,82.63999938964844,84.4000015258789,82.23999786376953,84.0,3716738
2016-11-28,83.5199966430664,83.5199966430664,84.80000305175781,82.80000305175781,83.76000213623047,7272513
2016-11-29,80.4800033569336,80.4800033569336,81.19999694824219,79.76000213623047,80.80000305175781,8365475
2016-11-30,87.44000244140625,87.44000244140625,88.80000305175781,80.4800033569336,80.4800033569336,13783213
2016-12-01,90.63999938964844,90.63999938964844,92.16000366210938,90.08000183105469,90.55999755859375,11358200
2016-12-02,91.83999633789062,91.83999633789062,92.08000183105469,90.55999755859375,91.19999694824219,4765288
2016-12-05,90.80000305175781,90.80000305175781,93.04000091552734,90.72000122070312,92.87999725341797,5669463
2016-12-06,90.31999969482422,90.31999969482422,90.80000305175781,89.44000244140625,89.76000213623047,3787775
2016-12-07,88.72000122070312,88.72000122070312,90.08000183105469,88.55999755859375,89.27999877929688,5295650
2016-12-08,90.4800033569336,90.4800033569336,90.4800033569336,88.63999938964844,89.19999694824219,4089013
2016-12-09,91.5199966430664,91.5199966430664,91.68000030517578,90.87999725341797,91.44000244140625,4110950
2016-12-12,92.95999908447266,92.95999908447266,95.5199966430664,92.63999938964844,95.19999694824219,6605013
2016-12-13,93.83999633789062,93.83999633789062,94.4800033569336,92.95999908447266,94.31999969482422,4160575
2016-12-14,90.55999755859375,90.55999755859375,93.83999633789062,90.4000015258789,92.72000122070312,5098325
2016-12-15,90.87999725341797,90.87999725341797,91.5999984741211,89.36000061035156,89.5199966430664,4573563
2016-12-16,92.4000015258789,92.4000015258789,92.63999938964844,91.19999694824219,91.5199966430664,4373725
2016-12-19,92.0,92.0,92.87999725341797,91.76000213623047,92.16000366210938,2404400
2016-12-20,92.95999908447266,92.95999908447266,93.76000213623047,92.63999938964844,93.36000061035156,2378988
2016-12-21,91.5199966430664,91.5199966430664,93.36000061035156,91.19999694824219,93.19999694824219,2883788
2016-12-22,91.68000030517578,91.68000030517578,92.72000122070312,91.68000030517578,92.0,2284900
2016-12-23,92.4800033569336,92.4800033569336,92.55999755859375,91.5199966430664,91.5999984741211,1325338
2016-12-27,93.83999633789062,93.83999633789062,94.31999969482422,93.12000274658203,93.12000274658203,1767913
2016-12-28,94.0,94.0,94.72000122070312,93.91999816894531,94.23999786376953,2217950
2016-12-29,93.76000213623047,93.76000213623047,94.4800033569336,93.44000244140625,94.0,2014638
2016-12-30,93.76000213623047,93.76000213623047,93.76000213623047,93.12000274658203,93.27999877929688,1855538
2017-01-03,91.5199966430664,91.5199966430664,96.0,90.87999725341797,95.83999633789062,4522938
2017-01-04,92.63999938964844,92.63999938964844,93.04000091552734,90.87999725341797,91.36000061035156,2258475
2017-01-05,93.5999984741211,93.5999984741211,94.31999969482422,92.08000183105469,93.5199966430664,2668338
2017-01-06,93.44000244140625,93.44000244140625,94.4800033569336,92.95999908447266,94.08000183105469,1909950
2017-01-09,90.4800033569336,90.4800033569336,92.23999786376953,90.4000015258789,92.16000366210938,2600950
2017-01-10,88.55999755859375,88.55999755859375,90.95999908447266,88.55999755859375,90.95999908447266,2982700
2017-01-11,90.95999908447266,90.95999908447266,91.83999633789062,88.4800033569336,89.68000030517578,4008375
2017-01-12,92.31999969482422,92.31999969482422,93.04000091552734,90.95999908447266,90.95999908447266,3417325
2017-01-13,91.27999877929688,91.27999877929688,92.23999786376953,90.95999908447266,91.5999984741211,1976200
2017-01-17,91.44000244140625,91.44000244140625,92.95999908447266,91.19999694824219,92.80000305175781,2123713
2017-01-18,89.27999877929688,89.27999877929688,90.95999908447266,88.63999938964844,89.5199966430664,3819300
2017-01-19,89.36000061035156,89.36000061035156,90.31999969482422,88.80000305175781,89.91999816894531,1967863
2017-01-20,91.12000274658203,91.12000274658203,92.0,90.95999908447266,91.5999984741211,3325863
2017-01-23,90.55999755859375,90.55999755859375,91.04000091552734,89.68000030517578,89.68000030517578,1831338
2017-01-24,90.95999908447266,90.95999908447266,91.83999633789062,90.87999725341797,90.95999908447266,1920900
2017-01-25,90.4800033569336,90.4800033569336,91.68000030517578,90.16000366210938,90.4000015258789,2386225
2017-01-26,92.23999786376953,92.23999786376953,92.63999938964844,91.36000061035156,91.5199966430664,2691938
2017-01-27,91.19999694824219,91.19999694824219,91.5199966430664,90.16000366210938,91.19999694824219,2486913
2017-01-30,90.23999786376953,90.23999786376953,90.80000305175781,89.83999633789062,90.80000305175781,2055200
2017-01-31,90.55999755859375,90.55999755859375,91.83999633789062,90.23999786376953,91.19999694824219,2398375
2017-02-01,91.83999633789062,91.83999633789062,92.4000015258789,90.63999938964844,91.36000061035156,2516413
2017-02-02,92.08000183105469,92.08000183105469,92.72000122070312,91.44000244140625,92.55999755859375,2469950
2017-02-03,92.31999969482422,92.31999969482422,92.95999908447266,91.68000030517578,91.91999816894531,2615425
2017-02-06,91.04000091552734,91.04000091552734,92.31999969482422,90.72000122070312,92.16000366210938,3050775
2017-02-07,89.5199966430664,89.5199966430664,89.83999633789062,88.87999725341797,89.68000030517578,4761688
2017-02-08,89.83999633789062,89.83999633789062,90.23999786376953,88.31999969482422,88.87999725341797,3436513
2017-02-09,90.80000305175781,90.80000305175781,91.12000274658203,89.83999633789062,89.83999633789062,2550863
2017-02-10,92.0,92.0,92.63999938964844,91.83999633789062,92.23999786376953,3327850
2017-02-13,90.55999755859375,90.55999755859375,91.19999694824219,90.4000015258789,90.95999908447266,2563000
2017-02-14,91.04000091552734,91.04000091552734,91.91999816894531,90.80000305175781,91.83999633789062,2317950
2017-02-15,90.87999725341797,90.87999725341797,91.5999984741211,90.55999755859375,90.63999938964844,2451975
2017-02-16,91.27999877929688,91.27999877929688,91.5999984741211,90.16000366210938,91.5199966430664,1721550
2017-02-17,91.12000274658203,91.12000274658203,91.36000061035156,90.4800033569336,90.55999755859375,1726275
2017-02-21,92.31999969482422,92.31999969482422,93.12000274658203,92.08000183105469,93.04000091552734,3152675
2017-02-22,90.87999725341797,90.87999725341797,91.19999694824219,90.55999755859375,91.04000091552734,2315925
2017-02-23,92.23999786376953,92.23999786376953,93.19999694824219,92.0,92.87999725341797,2406825
2017-02-24,91.68000030517578,91.68000030517578,92.08000183105469,91.5199966430664,91.5199966430664,1415263
2017-02-27,91.76000213623047,91.76000213623047,92.55999755859375,91.5999984741211,92.4800033569336,1295313
2017-02-28,91.5999984741211,91.5999984741211,91.76000213623047,90.23999786376953,90.87999725341797,2112063
2017-03-01,91.19999694824219,91.19999694824219,92.4000015258789,91.19999694824219,92.08000183105469,1822313
2017-03-02,89.36000061035156,89.36000061035156,90.4000015258789,89.19999694824219,89.68000030517578,2716800
2017-03-03,90.31999969482422,90.31999969482422,90.63999938964844,89.44000244140625,89.5199966430664,1803200
2017-03-06,90.23999786376953,90.23999786376953,90.87999725341797,89.91999816894531,90.55999755859375,1953800
2017-03-07,90.16000366210938,90.16000366210938,91.12000274658203,90.08000183105469,91.04000091552734,1365938
2017-03-08,85.36000061035156,85.36000061035156,89.76000213623047,84.95999908447266,88.87999725341797,8220150
2017-03-09,84.23999786376953,84.23999786376953,84.72000122070312,82.55999755859375,84.55999755859375,6027038
2017-03-10,82.31999969482422,82.31999969482422,84.16000366210938,82.0,84.16000366210938,5452925
2017-03-13,82.23999786376953,82.23999786376953,82.72000122070312,81.76000213623047,82.31999969482422,5135000
2017-03-14,81.5199966430664,81.5199966430664,81.68000030517578,80.16000366210938,80.87999725341797,5459863
2017-03-15,83.04000091552734,83.04000091552734,83.27999877929688,81.91999816894531,82.4800033569336,4261850
2017-03-16,82.87999725341797,82.87999725341797,83.19999694824219,82.31999969482422,83.12000274658203,2803625
2017-03-17,82.63999938964844,82.63999938964844,83.44000244140625,82.55999755859375,83.36000061035156,2235463
2017-03-20,82.16000366210938,82.16000366210938,82.87999725341797,81.76000213623047,82.08000183105469,1720975
2017-03-21,80.87999725341797,80.87999725341797,82.63999938964844,80.55999755859375,82.4000015258789,3113150
2017-03-22,80.95999908447266,80.95999908447266,81.12000274658203,79.04000091552734,80.16000366210938,2805350
2017-03-23,80.08000183105469,80.08000183105469,80.55999755859375,79.91999816894531,80.31999969482422,2325138
2017-03-24,80.72000122070312,80.72000122070312,80.80000305175781,79.83999633789062,80.4000015258789,2014375
2017-03-27,80.31999969482422,80.31999969482422,80.4000015258789,79.04000091552734,79.44000244140625,2813025
2017-03-28,81.19999694824219,81.19999694824219,81.83999633789062,80.72000122070312,80.87999725341797,2226100
2017-03-29,82.95999908447266,82.95999908447266,83.19999694824219,81.36000061035156,81.44000244140625,2894438
2017-03-30,84.55999755859375,84.55999755859375,84.72000122070312,83.5199966430664,83.76000213623047,3571350
2017-03-31,85.12000274658203,85.12000274658203,85.27999877929688,84.08000183105469,84.16000366210938,2428825
2017-04-03,84.4000015258789,84.4000015258789,85.04000091552734,84.16000366210938,84.95999908447266,2099513
2017-04-04,85.68000030517578,85.68000030517578,85.91999816894531,84.72000122070312,85.04000091552734,3048200
2017-04-05,85.44000244140625,85.44000244140625,87.12000274658203,85.19999694824219,86.72000122070312,3623500
2017-04-06,86.87999725341797,86.87999725341797,87.04000091552734,86.4000015258789,86.55999755859375,2740113
2017-04-07,87.68000030517578,87.68000030517578,87.76000213623047,86.95999908447266,87.12000274658203,2401600
2017-04-10,89.12000274658203,89.12000274658203,89.12000274658203,88.31999969482422,88.55999755859375,2770813
2017-04-11,89.36000061035156,89.36000061035156,89.68000030517578,88.4800033569336,89.04000091552734,3068638
2017-04-12,88.87999725341797,88.87999725341797,90.08000183105469,88.63999938964844,89.91999816894531,3221625
2017-04-13,89.04000091552734,89.04000091552734,89.5999984741211,88.80000305175781,89.44000244140625,2171225
2017-04-17,88.4800033569336,88.4800033569336,89.19999694824219,88.31999969482422,89.04000091552734,1856675
2017-04-18,88.31999969482422,88.31999969482422,88.80000305175781,87.5199966430664,88.0,1812950
2017-04-19,84.95999908447266,84.95999908447266,88.4000015258789,84.16000366210938,88.23999786376953,6307875
2017-04-20,84.31999969482422,84.31999969482422,85.44000244140625,84.16000366210938,84.63999938964844,3669788
2017-04-21,82.55999755859375,82.55999755859375,84.4000015258789,82.0,84.4000015258789,4833100
2017-04-24,82.0,82.0,82.4800033569336,81.68000030517578,82.31999969482422,3479663
2017-04-25,82.87999725341797,82.87999725341797,83.04000091552734,81.44000244140625,82.0,2961788
2017-04-26,82.08000183105469,82.08000183105469,83.68000030517578,81.76000213623047,81.91999816894531,3350838
2017-04-27,81.91999816894531,81.91999816894531,82.08000183105469,80.31999969482422,81.04000091552734,4250500
2017-04-28,81.91999816894531,81.91999816894531,82.63999938964844,81.36000061035156,82.31999969482422,1991575
2017-05-01,81.19999694824219,81.19999694824219,81.68000030517578,80.95999908447266,81.5199966430664,2014538
2017-05-02,79.36000061035156,79.36000061035156,81.36000061035156,78.87999725341797,81.36000061035156,5518288
2017-05-03,79.44000244140625,79.44000244140625,80.08000183105469,78.87999725341797,79.68000030517578,4567550
2017-05-04,75.68000030517578,75.68000030517578,78.08000183105469,75.44000244140625,78.0,8780438
2017-05-05,77.27999877929688,77.27999877929688,77.76000213623047,75.76000213623047,75.76000213623047,4447763
2017-05-08,77.36000061035156,77.36000061035156,78.0,76.23999786376953,77.19999694824219,3817188
2017-05-09,76.55999755859375,76.55999755859375,77.36000061035156,75.83999633789062,77.12000274658203,2553775
2017-05-10,78.87999725341797,78.87999725341797,79.5999984741211,77.44000244140625,77.5999984741211,4174700
2017-05-11,79.5199966430664,79.5199966430664,80.31999969482422,79.19999694824219,79.91999816894531,2421525
2017-05-12,79.5999984741211,79.5999984741211,79.83999633789062,78.80000305175781,79.76000213623047,2429450
2017-05-15,81.36000061035156,81.36000061035156,82.23999786376953,81.04000091552734,82.16000366210938,4589063
2017-05-16,80.87999725341797,80.87999725341797,82.08000183105469,80.72000122070312,81.76000213623047,2103113
2017-05-17,81.5199966430664,81.5199966430664,82.31999969482422,80.80000305175781,81.5199966430664,3381713
2017-05-18,82.08000183105469,82.08000183105469,82.4800033569336,80.72000122070312,81.04000091552734,2661463
2017-05-19,83.83999633789062,83.83999633789062,83.91999816894531,83.04000091552734,83.19999694824219,3096025
2017-05-22,84.31999969482422,84.31999969482422,84.80000305175781,84.0,84.4000015258789,3061763
2017-05-23,85.12000274658203,85.12000274658203,85.19999694824219,84.31999969482422,84.63999938964844,3281375
2017-05-24,84.80000305175781,84.80000305175781,85.5999984741211,84.31999969482422,84.95999908447266,4027150
2017-05-25,80.31999969482422,80.31999969482422,84.63999938964844,80.08000183105469,84.0,10476625
2017-05-26,82.23999786376953,82.23999786376953,82.4000015258789,80.72000122070312,81.12000274658203,3928063
2017-05-30,81.91999816894531,81.91999816894531,82.4000015258789,81.04000091552734,81.36000061035156,1993850
2017-05-31,79.68000030517578,79.68000030517578,80.4000015258789,78.87999725341797,79.91999816894531,4164263
2017-06-01,79.27999877929688,79.27999877929688,81.27999877929688,79.27999877929688,80.08000183105469,3772663
2017-06-02,78.87999725341797,78.87999725341797,79.44000244140625,77.83999633789062,78.63999938964844,3842900
2017-06-05,78.4000015258789,78.4000015258789,78.55999755859375,77.44000244140625,77.76000213623047,3517088
2017-06-06,79.76000213623047,79.76000213623047,79.91999816894531,77.83999633789062,77.91999816894531,3296013
2017-06-07,75.68000030517578,75.68000030517578,79.04000091552734,75.5199966430664,78.72000122070312,7337350
2017-06-08,75.44000244140625,75.44000244140625,76.23999786376953,74.95999908447266,75.19999694824219,5105413
2017-06-09,75.91999816894531,75.91999816894531,76.4000015258789,75.27999877929688,75.5199966430664,3203088
2017-06-12,76.16000366210938,76.16000366210938,77.19999694824219,76.08000183105469,76.87999725341797,3184850
2017-06-13,76.80000305175781,76.80000305175781,76.95999908447266,75.27999877929688,76.08000183105469,3249588
2017-06-14,73.83999633789062,73.83999633789062,76.72000122070312,73.5999984741211,76.31999969482422,7585975
2017-06-15,73.44000244140625,73.44000244140625,73.91999816894531,73.27999877929688,73.76000213623047,3950813
2017-06-16,73.91999816894531,73.91999816894531,74.16000366210938,73.5999984741211,74.08000183105469,2675475
2017-06-19,72.95999908447266,72.95999908447266,74.4000015258789,72.87999725341797,74.16000366210938,3225288
2017-06-20,71.5999984741211,71.5999984741211,71.76000213623047,70.63999938964844,71.44000244140625,6079375
2017-06-21,69.68000030517578,69.68000030517578,72.63999938964844,69.19999694824219,71.76000213623047,7649775
2017-06-22,70.23999786376953,70.23999786376953,71.27999877929688,70.16000366210938,70.4000015258789,3949263
2017-06-23,70.87999725341797,70.87999725341797,71.12000274658203,70.0,70.4000015258789,3878550
2017-06-26,71.44000244140625,71.44000244140625,71.68000030517578,70.16000366210938,71.04000091552734,4657875
2017-06-27,72.80000305175781,72.80000305175781,73.12000274658203,71.83999633789062,71.91999816894531,3642500
2017-06-28,73.5999984741211,73.5999984741211,73.76000213623047,72.23999786376953,72.80000305175781,3671000
2017-06-29,73.68000030517578,73.68000030517578,74.72000122070312,73.44000244140625,74.16000366210938,3907375
2017-06-30,76.0,76.0,76.0,74.31999969482422,74.55999755859375,4084850
2017-07-03,76.95999908447266,76.95999908447266,77.04000091552734,76.31999969482422,76.4000015258789,2525100
2017-07-05,74.0,74.0,76.63999938964844,73.83999633789062,76.4800033569336,8522750
2017-07-06,74.4800033569336,74.4800033569336,76.4800033569336,74.31999969482422,75.5199966430664,5235238
2017-07-07,72.80000305175781,72.80000305175781,73.5999984741211,72.0,73.5199966430664,5411413
2017-07-10,73.04000091552734,73.04000091552734,73.76000213623047,72.16000366210938,72.31999969482422,3458050
2017-07-11,74.16000366210938,74.16000366210938,74.4800033569336,72.63999938964844,72.87999725341797,3079813
2017-07-12,74.63999938964844,74.63999938964844,76.4000015258789,74.16000366210938,75.68000030517578,4775163
2017-07-13,75.76000213623047,75.76000213623047,76.0,74.87999725341797,75.12000274658203,2572575
2017-07-14,76.72000122070312,76.72000122070312,76.87999725341797,75.83999633789062,76.23999786376953,3102538
2017-07-17,75.5999984741211,75.5999984741211,76.80000305175781,75.5999984741211,76.31999969482422,3129063
2017-07-18,76.31999969482422,76.31999969482422,76.87999725341797,75.76000213623047,76.80000305175781,3374100
2017-07-19,77.5199966430664,77.5199966430664,77.76000213623047,76.55999755859375,76.55999755859375,3197088
2017-07-20,76.87999725341797,76.87999725341797,78.23999786376953,76.63999938964844,78.16000366210938,2574188
2017-07-21,74.72000122070312,74.72000122070312,76.55999755859375,74.55999755859375,76.4800033569336,4681600
2017-07-24,76.0,76.0,76.16000366210938,75.5199966430664,75.76000213623047,2467075
2017-07-25,78.4800033569336,78.4800033569336,78.55999755859375,77.19999694824219,77.5199966430664,3451875
2017-07-26,79.68000030517578,79.68000030517578,80.08000183105469,78.4000015258789,79.19999694824219,4864788
2017-07-27,80.4800033569336,80.4800033569336,80.63999938964844,79.44000244140625,80.23999786376953,3371375
2017-07-28,81.36000061035156,81.36000061035156,81.5999984741211,80.63999938964844,80.72000122070312,4163500
2017-07-31,82.23999786376953,82.23999786376953,82.55999755859375,80.55999755859375,81.19999694824219,4068650
2017-08-01,80.72000122070312,80.72000122070312,81.44000244140625,79.19999694824219,81.36000061035156,5192463
2017-08-02,81.12000274658203,81.12000274658203,81.36000061035156,79.5999984741211,80.55999755859375,3381200
2017-08-03,80.16000366210938,80.16000366210938,81.83999633789062,79.91999816894531,81.68000030517578,2911000
2017-08-04,81.04000091552734,81.04000091552734,81.27999877929688,79.76000213623047,80.4000015258789,2203288
2017-08-07,80.80000305175781,80.80000305175781,80.95999908447266,79.5199966430664,80.16000366210938,2478188
2017-08-08,80.4800033569336,80.4800033569336,81.19999694824219,80.08000183105469,80.23999786376953,2929425
2017-08-09,81.19999694824219,81.19999694824219,81.19999694824219,80.31999969482422,80.95999908447266,2168325
2017-08-10,79.27999877929688,79.27999877929688,82.0,79.19999694824219,81.91999816894531,3117075
2017-08-11,79.91999816894531,79.91999816894531,80.23999786376953,78.63999938964844,79.04000091552734,1862525
2017-08-14,77.76000213623047,77.76000213623047,80.4800033569336,77.68000030517578,79.83999633789062,3157713
2017-08-15,78.0,78.0,78.08000183105469,77.04000091552734,77.27999877929688,2484475
2017-08-16,76.55999755859375,76.55999755859375,78.80000305175781,76.4800033569336,78.16000366210938,4711213
2017-08-17,76.95999908447266,76.95999908447266,77.27999877929688,76.16000366210938,76.31999969482422,1996350
2017-08-18,79.76000213623047,79.76000213623047,79.83999633789062,76.72000122070312,77.27999877929688,3808500
2017-08-21,77.68000030517578,77.68000030517578,79.27999877929688,77.12000274658203,78.95999908447266,3784875
2017-08-22,78.16000366210938,78.16000366210938,78.72000122070312,77.76000213623047,78.08000183105469,1781075
2017-08-23,79.04000091552734,79.04000091552734,79.19999694824219,77.83999633789062,78.08000183105469,2071550
2017-08-24,77.68000030517578,77.68000030517578,78.4000015258789,76.87999725341797,78.31999969482422,2270838
2017-08-25,78.0,78.0,78.23999786376953,77.5199966430664,77.68000030517578,1898438
2017-08-28,76.23999786376953,76.23999786376953,77.5999984741211,75.36000061035156,77.5199966430664,4060300
2017-08-29,75.68000030517578,75.68000030517578,76.0,74.72000122070312,75.83999633789062,2457625
2017-08-30,75.04000091552734,75.04000091552734,76.31999969482422,74.87999725341797,75.19999694824219,2361325
2017-08-31,77.04000091552734,77.04000091552734,77.5199966430664,75.91999816894531,75.91999816894531,3188713
2017-09-01,77.36000061035156,77.36000061035156,77.36000061035156,76.08000183105469,76.80000305175781,2001538
2017-09-05,79.36000061035156,79.36000061035156,80.0,79.12000274658203,79.27999877929688,3080538
2017-09-06,80.31999969482422,80.31999969482422,80.72000122070312,79.68000030517578,80.16000366210938,2578350
2017-09-07,80.23999786376953,80.23999786376953,80.4800033569336,79.68000030517578,79.83999633789062,2600600
2017-09-08,77.83999633789062,77.83999633789062,80.16000366210938,77.27999877929688,79.91999816894531,3009788
2017-09-11,78.55999755859375,78.55999755859375,78.87999725341797,76.87999725341797,77.27999877929688,2051388
2017-09-12,78.95999908447266,78.95999908447266,79.12000274658203,78.4000015258789,78.63999938964844,1771288
2017-09-13,80.55999755859375,80.55999755859375,80.55999755859375,79.12000274658203,79.36000061035156,2818125
2017-09-14,81.04000091552734,81.04000091552734,82.23999786376953,80.87999725341797,81.36000061035156,3195125
2017-09-15,81.5999984741211,81.5999984741211,81.76000213623047,81.12000274658203,81.5199966430664,2010550
2017-09-18,81.36000061035156,81.36000061035156,81.5999984741211,80.31999969482422,81.12000274658203,2366313
2017-09-19,80.87999725341797,80.87999725341797,81.91999816894531,80.4000015258789,81.76000213623047,1903975
2017-09-20,81.91999816894531,81.91999816894531,82.63999938964844,81.04000091552734,81.5199966430664,2876938
2017-09-21,82.0,82.0,82.08000183105469,81.04000091552734,81.44000244140625,1450413
2017-09-22,81.91999816894531,81.91999816894531,82.08000183105469,81.44000244140625,81.5999984741211,1635600
2017-09-25,84.4000015258789,84.4000015258789,84.4800033569336,82.72000122070312,82.72000122070312,3731025
2017-09-26,83.91999816894531,83.91999816894531,84.08000183105469,83.12000274658203,83.68000030517578,1799000
2017-09-27,84.16000366210938,84.16000366210938,84.4800033569336,83.5199966430664,84.16000366210938,2003313
2017-09-28,83.44000244140625,83.44000244140625,85.19999694824219,82.80000305175781,85.04000091552734,2335900
2017-09-29,83.44000244140625,83.44000244140625,83.68000030517578,82.87999725341797,83.12000274658203,1639650
2017-10-02,81.68000030517578,81.68000030517578,81.83999633789062,80.95999908447266,81.36000061035156,2215125
2017-10-03,81.44000244140625,81.44000244140625,82.0,81.27999877929688,81.68000030517578,1409863
2017-10-04,80.63999938964844,80.63999938964844,81.91999816894531,80.4800033569336,81.44000244140625,1634750
2017-10-05,82.0,82.0,82.80000305175781,81.04000091552734,81.12000274658203,1623425
2017-10-06,79.76000213623047,79.76000213623047,80.16000366210938,79.36000061035156,80.08000183105469,2938700
2017-10-09,80.0,80.0,80.4800033569336,79.68000030517578,80.23999786376953,1372038
2017-10-10,82.23999786376953,82.23999786376953,82.55999755859375,81.5199966430664,81.5999984741211,1938325
2017-10-11,82.87999725341797,82.87999725341797,82.95999908447266,81.76000213623047,82.4800033569336,1738038
2017-10-12,81.83999633789062,81.83999633789062,82.31999969482422,81.04000091552734,81.36000061035156,1902313
2017-10-13,82.95999908447266,82.95999908447266,83.19999694824219,82.31999969482422,83.04000091552734,2301488
2017-10-16,83.68000030517578,83.68000030517578,84.31999969482422,83.36000061035156,84.23999786376953,2005713
2017-10-17,83.91999816894531,83.91999816894531,84.23999786376953,82.63999938964844,83.76000213623047,2050638
2017-10-18,83.83999633789062,83.83999633789062,84.4000015258789,83.44000244140625,84.08000183105469,1682738
2017-10-19,82.80000305175781,82.80000305175781,83.36000061035156,82.55999755859375,82.72000122070312,1447388
2017-10-20,83.44000244140625,83.44000244140625,83.5199966430664,82.31999969482422,82.31999969482422,1498163
2017-10-23,83.36000061035156,83.36000061035156,83.91999816894531,82.95999908447266,83.76000213623047,1418275
2017-10-24,84.31999969482422,84.31999969482422,84.4000015258789,83.12000274658203,83.83999633789062,2296338
2017-10-25,83.83999633789062,83.83999633789062,84.16000366210938,83.36000061035156,83.83999633789062,2154125
2017-10-26,84.55999755859375,84.55999755859375,84.63999938964844,83.44000244140625,83.5999984741211,1918000
2017-10-27,86.72000122070312,86.72000122070312,86.80000305175781,84.4000015258789,84.4800033569336,3087375
2017-10-30,86.95999908447266,86.95999908447266,87.44000244140625,84.4800033569336,84.4800033569336,1573300
2017-10-31,87.44000244140625,87.44000244140625,87.68000030517578,86.63999938964844,86.80000305175781,1754150
2017-11-01,87.19999694824219,87.19999694824219,88.4800033569336,86.55999755859375,88.23999786376953,2644000
2017-11-02,87.91999816894531,87.91999816894531,88.08000183105469,86.95999908447266,87.19999694824219,1259913
2017-11-03,89.44000244140625,89.44000244140625,89.5999984741211,87.44000244140625,88.0,2356400
2017-11-06,92.08000183105469,92.08000183105469,92.55999755859375,89.36000061035156,89.5199966430664,3844275
2017-11-07,91.91999816894531,91.91999816894531,92.23999786376953,91.36000061035156,91.76000213623047,2236850
2017-11-08,91.27999877929688,91.27999877929688,93.04000091552734,90.63999938964844,91.5199966430664,4651825
2017-11-09,91.68000030517578,91.68000030517578,92.4000015258789,91.19999694824219,91.36000061035156,2460463
2017-11-10,91.36000061035156,91.36000061035156,92.16000366210938,90.87999725341797,91.83999633789062,1464125
2017-11-13,91.04000091552734,91.04000091552734,91.83999633789062,90.4800033569336,91.36000061035156,1737313
2017-11-14,89.04000091552734,89.04000091552734,90.87999725341797,88.63999938964844,90.80000305175781,2690813
2017-11-15,88.72000122070312,88.72000122070312,89.19999694824219,88.16000366210938,88.63999938964844,1722063
2017-11-16,88.55999755859375,88.55999755859375,89.36000061035156,88.23999786376953,88.55999755859375,1529000
2017-11-17,90.80000305175781,90.80000305175781,90.87999725341797,89.5999984741211,89.68000030517578,2048400
2017-11-20,90.23999786376953,90.23999786376953,90.31999969482422,89.19999694824219,90.16000366210938,1429750
2017-11-21,91.19999694824219,91.19999694824219,91.5999984741211,90.4000015258789,90.4000015258789,1529913
2017-11-22,92.80000305175781,92.80000305175781,92.95999908447266,91.76000213623047,92.4000015258789,2246163
2017-11-24,94.31999969482422,94.31999969482422,94.31999969482422,93.5999984741211,93.91999816894531,1174263
2017-11-27,92.72000122070312,92.72000122070312,93.44000244140625,92.08000183105469,93.19999694824219,1735750
2017-11-28,92.63999938964844,92.63999938964844,93.04000091552734,92.23999786376953,92.4800033569336,1013688
2017-11-29,91.76000213623047,91.76000213623047,93.27999877929688,90.87999725341797,92.63999938964844,2011713
2017-11-30,91.76000213623047,91.76000213623047,92.63999938964844,90.95999908447266,92.4000015258789,2227388
2017-12-01,93.36000061035156,93.36000061035156,94.23999786376953,92.80000305175781,93.19999694824219,1768150
2017-12-04,91.91999816894531,91.91999816894531,92.63999938964844,91.76000213623047,92.31999969482422,1523463
2017-12-05,92.31999969482422,92.31999969482422,92.72000122070312,91.68000030517578,91.76000213623047,1614300
2017-12-06,89.5999984741211,89.5999984741211,91.27999877929688,89.44000244140625,91.19999694824219,2423625
2017-12-07,90.63999938964844,90.63999938964844,90.87999725341797,90.08000183105469,90.16000366210938,1137925
2017-12-08,91.91999816894531,91.91999816894531,92.4000015258789,91.19999694824219,92.16000366210938,1178325
2017-12-11,92.80000305175781,92.80000305175781,92.87999725341797,92.0,92.31999969482422,1797863
2017-12-12,91.5199966430664,91.5199966430664,93.12000274658203,90.95999908447266,93.12000274658203,3106863
2017-12-13,90.63999938964844,90.63999938964844,91.83999633789062,90.4000015258789,91.68000030517578,2276638
2017-12-14,91.44000244140625,91.44000244140625,91.44000244140625,89.68000030517578,89.76000213623047,1134150
2017-12-15,91.68000030517578,91.68000030517578,91.91999816894531,91.19999694824219,91.76000213623047,1201063
2017-12-18,91.5199966430664,91.5199966430664,92.23999786376953,90.95999908447266,92.0,1633500
2017-12-19,92.08000183105469,92.08000183105469,92.08000183105469,91.5999984741211,91.83999633789062,856138
2017-12-20,92.87999725341797,92.87999725341797,92.95999908447266,91.83999633789062,92.31999969482422,1264725
2017-12-21,93.12000274658203,93.12000274658203,93.36000061035156,92.16000366210938,92.31999969482422,1391950
2017-12-22,93.27999877929688,93.27999877929688,93.5199966430664,92.63999938964844,92.63999938964844,823925
2017-12-26,95.5999984741211,95.5999984741211,95.91999816894531,93.76000213623047,93.83999633789062,2199875
2017-12-27,95.36000061035156,95.36000061035156,95.68000030517578,94.95999908447266,95.44000244140625,1033775
2017-12-28,95.76000213623047,95.76000213623047,95.83999633789062,95.04000091552734,95.27999877929688,1546013
2017-12-29,96.08000183105469,96.08000183105469,96.72000122070312,95.83999633789062,96.16000366210938,1475238
2018-01-02,96.55999755859375,96.55999755859375,96.80000305175781,96.08000183105469,96.55999755859375,1497588
2018-01-03,98.72000122070312,98.72000122070312,98.87999725341797,97.36000061035156,97.36000061035156,2156150
2018-01-04,98.95999908447266,98.95999908447266,99.36000061035156,98.4800033569336,98.63999938964844,1480988
2018-01-05,98.4800033569336,98.4800033569336,98.63999938964844,97.68000030517578,98.23999786376953,1609888
2018-01-08,99.04000091552734,99.04000091552734,99.04000091552734,98.16000366210938,98.4800033569336,1229225
2018-01-09,100.55999755859375,100.55999755859375,101.12000274658203,98.95999908447266,99.27999877929688,2666150
2018-01-10,101.44000244140625,101.44000244140625,101.68000030517578,100.80000305175781,101.36000061035156,1821550
2018-01-11,101.5999984741211,101.5999984741211,103.36000061035156,101.5999984741211,102.08000183105469,2579100
2018-01-12,102.95999908447266,102.95999908447266,103.12000274658203,101.19999694824219,101.44000244140625,2850200
2018-01-16,102.08000183105469,102.08000183105469,102.87999725341797,101.44000244140625,102.4800033569336,2277850
2018-01-17,102.23999786376953,102.23999786376953,102.72000122070312,101.68000030517578,101.83999633789062,1993013
2018-01-18,102.08000183105469,102.08000183105469,102.80000305175781,101.5999984741211,102.0,2075713
2018-01-19,101.76000213623047,101.76000213623047,101.91999816894531,100.87999725341797,101.44000244140625,2168175
2018-01-22,102.23999786376953,102.23999786376953,102.72000122070312,101.04000091552734,101.44000244140625,1866225
2018-01-23,103.76000213623047,103.76000213623047,103.91999816894531,102.63999938964844,102.72000122070312,2077238
2018-01-24,105.76000213623047,105.76000213623047,105.83999633789062,103.27999877929688,103.5199966430664,3267225
2018-01-25,104.4800033569336,104.4800033569336,106.4000015258789,104.23999786376953,106.23999786376953,2096800
2018-01-26,105.91999816894531,105.91999816894531,106.31999969482422,104.80000305175781,104.87999725341797,3971988
2018-01-29,104.87999725341797,104.87999725341797,105.19999694824219,104.08000183105469,104.87999725341797,1978613
2018-01-30,103.19999694824219,103.19999694824219,103.5999984741211,102.72000122070312,103.5199966430664,4303675
2018-01-31,103.83999633789062,103.83999633789062,104.08000183105469,102.31999969482422,103.27999877929688,2462013
2018-02-01,105.91999816894531,105.91999816894531,106.08000183105469,104.23999786376953,104.63999938964844,2509275
2018-02-02,104.31999969482422,104.31999969482422,105.36000061035156,103.36000061035156,104.95999908447266,3594688
2018-02-05,102.16000366210938,102.16000366210938,104.55999755859375,101.83999633789062,104.23999786376953,3841075
2018-02-06,101.5999984741211,101.5999984741211,103.04000091552734,101.36000061035156,101.5999984741211,2954538
2018-02-07,98.95999908447266,98.95999908447266,102.4800033569336,98.23999786376953,101.76000213623047,4613663
2018-02-08,96.72000122070312,96.72000122070312,99.5199966430664,96.63999938964844,99.36000061035156,3407438
2018-02-09,94.87999725341797,94.87999725341797,97.12000274658203,93.19999694824219,96.87999725341797,5397888
2018-02-12,95.12000274658203,95.12000274658203,96.80000305175781,94.95999908447266,95.83999633789062,2039013
2018-02-13,94.95999908447266,94.95999908447266,95.44000244140625,93.68000030517578,94.31999969482422,2372763
2018-02-14,97.44000244140625,97.44000244140625,97.83999633789062,93.5199966430664,93.83999633789062,4469888
2018-02-15,98.63999938964844,98.63999938964844,98.87999725341797,95.91999816894531,96.72000122070312,2406038
2018-02-16,99.04000091552734,99.04000091552734,99.5199966430664,97.76000213623047,98.16000366210938,2222813
2018-02-20,99.12000274658203,99.12000274658203,100.4800033569336,98.80000305175781,99.36000061035156,2719738
2018-02-21,98.31999969482422,98.31999969482422,99.5199966430664,98.23999786376953,98.63999938964844,1422550
2018-02-22,100.72000122070312,100.72000122070312,101.5199966430664,99.04000091552734,99.68000030517578,2411838
2018-02-23,102.16000366210938,102.16000366210938,102.55999755859375,100.80000305175781,100.87999725341797,2300125
2018-02-26,102.87999725341797,102.87999725341797,103.36000061035156,101.44000244140625,101.83999633789062,1748425
2018-02-27,101.19999694824219,101.19999694824219,102.80000305175781,100.87999725341797,102.72000122070312,2128950
2018-02-28,98.95999908447266,98.95999908447266,102.08000183105469,98.72000122070312,101.68000030517578,3475800
2018-03-01,98.80000305175781,98.80000305175781,99.04000091552734,96.87999725341797,98.08000183105469,3238863
2018-03-02,98.95999908447266,98.95999908447266,98.95999908447266,96.80000305175781,97.76000213623047,2254713
2018-03-05,100.72000122070312,100.72000122070312,101.04000091552734,98.55999755859375,98.63999938964844,2458350
2018-03-06,100.55999755859375,100.55999755859375,101.12000274658203,100.08000183105469,100.95999908447266,2256988
2018-03-07,98.80000305175781,98.80000305175781,100.72000122070312,97.5199966430664,99.83999633789062,3119713
2018-03-08,97.19999694824219,97.19999694824219,98.63999938964844,96.63999938964844,98.55999755859375,2881225
2018-03-09,99.76000213623047,99.76000213623047,100.0,98.08000183105469,98.16000366210938,2423100
2018-03-12,98.95999908447266,98.95999908447266,99.5199966430664,97.76000213623047,99.27999877929688,2185138
2018-03-13,97.91999816894531,97.91999816894531,100.0,97.19999694824219,98.4800033569336,3024238
2018-03-14,98.23999786376953,98.23999786376953,98.72000122070312,97.12000274658203,98.23999786376953,2319625
2018-03-15,98.72000122070312,98.72000122070312,99.36000061035156,98.31999969482422,98.80000305175781,1467363
2018-03-16,100.4000015258789,100.4000015258789,100.95999908447266,98.55999755859375,98.80000305175781,3485088
2018-03-19,100.4000015258789,100.4000015258789,100.63999938964844,99.12000274658203,100.55999755859375,2855363
2018-03-20,102.4800033569336,102.4800033569336,103.19999694824219,101.68000030517578,102.08000183105469,2281838
2018-03-21,105.44000244140625,105.44000244140625,105.68000030517578,103.44000244140625,103.68000030517578,2886025
2018-03-22,103.5999984741211,103.5999984741211,104.4000015258789,103.44000244140625,104.08000183105469,1966450
2018-03-23,106.23999786376953,106.23999786376953,106.4000015258789,104.63999938964844,104.72000122070312,2269888
2018-03-26,105.68000030517578,105.68000030517578,106.23999786376953,104.95999908447266,105.83999633789062,3121838
2018-03-27,104.63999938964844,104.63999938964844,106.31999969482422,104.31999969482422,106.23999786376953,2577163
2018-03-28,104.31999969482422,104.31999969482422,105.04000091552734,102.80000305175781,104.16000366210938,2372900
2018-03-29,104.72000122070312,104.72000122070312,105.27999877929688,103.5199966430664,103.91999816894531,2039800
2018-04-02,101.91999816894531,101.91999816894531,103.83999633789062,101.5999984741211,103.83999633789062,2413925
2018-04-03,102.4800033569336,102.4800033569336,102.87999725341797,101.76000213623047,102.23999786376953,1146825
2018-04-04,102.55999755859375,102.55999755859375,102.63999938964844,100.16000366210938,100.4000015258789,2538850
2018-04-05,102.63999938964844,102.63999938964844,103.5199966430664,101.91999816894531,102.55999755859375,2155788
2018-04-06,100.08000183105469,100.08000183105469,102.80000305175781,99.76000213623047,102.4000015258789,3147513
2018-04-09,102.16000366210938,102.16000366210938,102.63999938964844,101.36000061035156,101.5199966430664,1601763
2018-04-10,106.0,106.0,106.16000366210938,104.16000366210938,104.16000366210938,2968450
2018-04-11,107.5999984741211,107.5999984741211,108.72000122070312,106.0,106.4000015258789,3085563
2018-04-12,108.16000366210938,108.16000366210938,108.31999969482422,106.4000015258789,107.19999694824219,1859000
2018-04-13,108.4000015258789,108.4000015258789,109.12000274658203,108.0,108.4000015258789,1770350
2018-04-16,107.04000091552734,107.04000091552734,108.0,106.72000122070312,107.91999816894531,1753075
2018-04-17,107.27999877929688,107.27999877929688,107.5199966430664,105.91999816894531,106.16000366210938,1644388
2018-04-18,111.04000091552734,111.04000091552734,111.19999694824219,109.12000274658203,109.5999984741211,3322388
2018-04-19,110.16000366210938,110.16000366210938,112.0,109.76000213623047,111.5999984741211,2178550
2018-04-20,110.0,110.0,110.72000122070312,108.95999908447266,109.27999877929688,1478875
2018-04-23,111.36000061035156,111.36000061035156,111.5199966430664,108.4000015258789,108.87999725341797,2074100
2018-04-24,109.44000244140625,109.44000244140625,112.0,109.04000091552734,110.80000305175781,2510050
2018-04-25,109.76000213623047,109.76000213623047,110.08000183105469,108.4000015258789,109.5199966430664,1707313
2018-04-26,110.16000366210938,110.16000366210938,110.72000122070312,109.36000061035156,110.63999938964844,2151713
2018-04-27,109.83999633789062,109.83999633789062,110.4000015258789,109.36000061035156,109.44000244140625,1601475
2018-04-30,110.4000015258789,110.4000015258789,112.0,108.80000305175781,108.95999908447266,3617163
2018-05-01,108.87999725341797,108.87999725341797,109.5999984741211,108.0,109.5199966430664,2011513
2018-05-02,109.36000061035156,109.36000061035156,110.08000183105469,108.08000183105469,108.4800033569336,1727875
2018-05-03,110.55999755859375,110.55999755859375,110.80000305175781,108.63999938964844,109.04000091552734,1519750
2018-05-04,112.72000122070312,112.72000122070312,113.04000091552734,110.63999938964844,110.63999938964844,2346763
2018-05-07,112.80000305175781,112.80000305175781,114.4000015258789,112.23999786376953,113.5199966430664,3598650
2018-05-08,112.4800033569336,112.4800033569336,113.76000213623047,109.27999877929688,113.44000244140625,6607813
2018-05-09,114.95999908447266,114.95999908447266,115.27999877929688,114.08000183105469,114.16000366210938,2435313
2018-05-10,115.27999877929688,115.27999877929688,115.5199966430664,114.0,115.04000091552734,1953388
2018-05-11,114.0,114.0,115.44000244140625,113.91999816894531,114.95999908447266,1758750
2018-05-14,115.04000091552734,115.04000091552734,115.19999694824219,114.31999969482422,114.4000015258789,2033313
2018-05-15,115.19999694824219,115.19999694824219,115.5199966430664,114.0,114.95999908447266,2236963
2018-05-16,115.68000030517578,115.68000030517578,115.83999633789062,114.4000015258789,114.72000122070312,1683025
2018-05-17,115.91999816894531,115.91999816894531,117.04000091552734,115.19999694824219,116.31999969482422,2149863
2018-05-18,115.44000244140625,115.44000244140625,116.0,114.95999908447266,115.5199966430664,1557263
2018-05-21,117.36000061035156,117.36000061035156,117.36000061035156,115.76000213623047,115.83999633789062,1681888
2018-05-22,116.4800033569336,116.4800033569336,117.91999816894531,116.4000015258789,117.19999694824219,2459500
2018-05-23,116.08000183105469,116.08000183105469,116.63999938964844,115.12000274658203,116.23999786376953,2011438
2018-05-24,114.31999969482422,114.31999969482422,115.19999694824219,114.16000366210938,114.31999969482422,1931738
2018-05-25,109.44000244140625,109.44000244140625,111.44000244140625,109.19999694824219,111.44000244140625,5070300
2018-05-29,108.08000183105469,108.08000183105469,108.80000305175781,106.63999938964844,108.55999755859375,3289125
2018-05-30,110.63999938964844,110.63999938964844,110.80000305175781,108.63999938964844,108.63999938964844,3015113
2018-05-31,108.4000015258789,108.4000015258789,110.31999969482422,107.68000030517578,108.63999938964844,3030750
2018-06-01,106.0,106.0,108.16000366210938,106.0,107.27999877929688,2868513
2018-06-04,104.95999908447266,104.95999908447266,106.63999938964844,104.4800033569336,106.4000015258789,2484438
2018-06-05,105.76000213623047,105.76000213623047,106.08000183105469,104.0,104.23999786376953,2788663
2018-06-06,105.27999877929688,105.27999877929688,106.0,104.0,105.5199966430664,2116213
2018-06-07,106.80000305175781,106.80000305175781,106.87999725341797,105.5999984741211,105.68000030517578,1776825
2018-06-08,106.16000366210938,106.16000366210938,107.12000274658203,105.44000244140625,106.4800033569336,1979263
2018-06-11,106.87999725341797,106.87999725341797,107.36000061035156,105.19999694824219,105.36000061035156,1836325
2018-06-12,107.19999694824219,107.19999694824219,107.91999816894531,106.63999938964844,106.72000122070312,2434163
2018-06-13,107.76000213623047,107.76000213623047,108.16000366210938,106.63999938964844,106.80000305175781,2182113
2018-06-14,108.16000366210938,108.16000366210938,108.4800033569336,107.19999694824219,108.4000015258789,1667250
2018-06-15,104.4000015258789,104.4000015258789,107.5199966430664,104.31999969482422,107.5199966430664,3436813
2018-06-18,106.31999969482422,106.31999969482422,106.63999938964844,104.95999908447266,105.36000061035156,2223113
2018-06-19,105.12000274658203,105.12000274658203,105.68000030517578,104.08000183105469,104.80000305175781,1999775
2018-06-20,106.23999786376953,106.23999786376953,107.5199966430664,105.19999694824219,106.55999755859375,2540238
2018-06-21,106.4800033569336,106.4800033569336,107.27999877929688,104.95999908447266,105.12000274658203,2245375
2018-06-22,112.16000366210938,112.16000366210938,112.23999786376953,108.72000122070312,109.68000030517578,4109475
2018-06-25,110.16000366210938,110.16000366210938,112.4000015258789,109.83999633789062,112.08000183105469,3099950
2018-06-26,114.16000366210938,114.16000366210938,114.4800033569336,110.31999969482422,111.27999877929688,4205538
2018-06-27,117.19999694824219,117.19999694824219,118.4000015258789,115.83999633789062,115.91999816894531,4305113
2018-06-28,118.87999725341797,118.87999725341797,119.91999816894531,117.5199966430664,117.83999633789062,3882688
2018-06-29,120.4800033569336,120.4800033569336,120.63999938964844,119.36000061035156,119.44000244140625,2701250
2018-07-02,119.68000030517578,119.68000030517578,120.4800033569336,118.95999908447266,120.0,2692025
2018-07-03,119.36000061035156,119.36000061035156,122.0,117.83999633789062,121.5199966430664,2636363
2018-07-05,118.23999786376953,118.23999786376953,120.4000015258789,117.5999984741211,120.0,2737150
2018-07-06,119.68000030517578,119.68000030517578,119.83999633789062,117.27999877929688,117.36000061035156,2367950
2018-07-09,120.23999786376953,120.23999786376953,120.23999786376953,118.4800033569336,119.76000213623047,1612275
2018-07-10,120.55999755859375,120.55999755859375,121.36000061035156,119.83999633789062,120.87999725341797,1926900
2018-07-11,114.4800033569336,114.4800033569336,120.23999786376953,113.76000213623047,119.04000091552734,4801038
2018-07-12,115.12000274658203,115.12000274658203,115.5999984741211,113.12000274658203,115.04000091552734,2938800
2018-07-13,115.76000213623047,115.76000213623047,117.27999877929688,115.19999694824219,115.36000061035156,2398038
2018-07-16,111.5199966430664,111.5199966430664,113.83999633789062,110.87999725341797,113.5999984741211,3900275
2018-07-17,111.5999984741211,111.5999984741211,112.4000015258789,110.08000183105469,110.72000122070312,6807063
2018-07-18,112.80000305175781,112.80000305175781,112.87999725341797,110.23999786376953,110.80000305175781,2784425
2018-07-19,113.04000091552734,113.04000091552734,114.31999969482422,112.23999786376953,112.63999938964844,2766288
2018-07-20,113.19999694824219,113.19999694824219,113.83999633789062,112.55999755859375,113.44000244140625,2851188
2018-07-23,112.72000122070312,112.72000122070312,115.19999694824219,112.4000015258789,114.55999755859375,2937000
2018-07-24,113.83999633789062,113.83999633789062,114.80000305175781,112.87999725341797,112.87999725341797,2495563
2018-07-25,115.36000061035156,115.36000061035156,115.83999633789062,113.36000061035156,114.23999786376953,2686538
2018-07-26,115.76000213623047,115.76000213623047,116.31999969482422,114.72000122070312,114.72000122070312,1978288
2018-07-27,114.55999755859375,114.55999755859375,116.0,113.5199966430664,115.5999984741211,1882913
2018-07-30,116.31999969482422,116.31999969482422,117.12000274658203,116.16000366210938,116.72000122070312,2155038
2018-07-31,114.23999786376953,114.23999786376953,115.19999694824219,113.91999816894531,115.04000091552734,2030488
2018-08-01,112.72000122070312,112.72000122070312,113.76000213623047,111.91999816894531,112.72000122070312,2264225
2018-08-02,114.87999725341797,114.87999725341797,115.36000061035156,111.83999633789062,112.08000183105469,2169663
2018-08-03,114.16000366210938,114.16000366210938,114.80000305175781,112.87999725341797,114.4800033569336,2062800
2018-08-06,114.4800033569336,114.4800033569336,116.31999969482422,114.4000015258789,115.19999694824219,2556025
2018-08-07,114.87999725341797,114.87999725341797,115.83999633789062,114.72000122070312,115.44000244140625,1672350
2018-08-08,111.19999694824219,111.19999694824219,113.5199966430664,110.4000015258789,113.5199966430664,3609975
2018-08-09,111.04000091552734,111.04000091552734,112.23999786376953,110.95999908447266,111.76000213623047,2018688
2018-08-10,112.63999938964844,112.63999938964844,112.95999908447266,111.91999816894531,112.08000183105469,2255250
2018-08-13,112.08000183105469,112.08000183105469,112.4000015258789,109.44000244140625,112.08000183105469,3422513
2018-08-14,111.91999816894531,111.91999816894531,113.83999633789062,111.12000274658203,113.76000213623047,2367788
2018-08-15,108.08000183105469,108.08000183105469,110.31999969482422,107.5199966430664,110.23999786376953,5946038
2018-08-16,109.04000091552734,109.04000091552734,109.19999694824219,108.16000366210938,108.55999755859375,2308625
2018-08-17,109.5199966430664,109.5199966430664,110.55999755859375,108.87999725341797,110.4800033569336,2552363
2018-08-20,110.08000183105469,110.08000183105469,110.4000015258789,109.27999877929688,109.5199966430664,2190300
2018-08-21,110.63999938964844,110.63999938964844,111.83999633789062,110.4800033569336,111.68000030517578,1340450
2018-08-22,114.16000366210938,114.16000366210938,114.55999755859375,112.4800033569336,113.04000091552734,2537700
2018-08-23,114.16000366210938,114.16000366210938,114.4800033569336,113.27999877929688,113.5999984741211,1441388
2018-08-24,115.44000244140625,115.44000244140625,116.63999938964844,114.87999725341797,116.0,1787913
2018-08-27,116.0,116.0,116.08000183105469,115.27999877929688,115.83999633789062,1358450
2018-08-28,115.44000244140625,115.44000244140625,116.08000183105469,114.80000305175781,116.08000183105469,1341263
2018-08-29,117.27999877929688,117.27999877929688,117.36000061035156,115.83999633789062,116.23999786376953,2214938
2018-08-30,118.0,118.0,118.63999938964844,117.12000274658203,117.5199966430664,1791738
2018-08-31,117.68000030517578,117.68000030517578,118.23999786376953,117.19999694824219,117.83999633789062,1375350
2018-09-04,116.63999938964844,116.63999938964844,118.95999908447266,116.23999786376953,118.80000305175781,1879475
2018-09-05,115.91999816894531,115.91999816894531,117.12000274658203,115.5199966430664,116.63999938964844,1609200
2018-09-06,114.4000015258789,114.4000015258789,115.91999816894531,112.80000305175781,115.68000030517578,1942388
2018-09-07,114.23999786376953,114.23999786376953,114.31999969482422,112.55999755859375,113.04000091552734,1718588
2018-09-10,113.68000030517578,113.68000030517578,115.36000061035156,113.36000061035156,115.04000091552734,1242663
2018-09-11,116.80000305175781,116.80000305175781,117.04000091552734,113.83999633789062,114.16000366210938,1551400
2018-09-12,118.23999786376953,118.23999786376953,119.68000030517578,117.83999633789062,118.0,2331063
2018-09-13,115.91999816894531,115.91999816894531,117.36000061035156,115.12000274658203,116.87999725341797,2303338
2018-09-14,116.0,116.0,117.68000030517578,114.4800033569336,115.83999633789062,2044750
2018-09-17,115.76000213623047,115.76000213623047,117.27999877929688,115.36000061035156,116.87999725341797,1802913
2018-09-18,117.5199966430664,117.5199966430664,118.4800033569336,116.72000122070312,117.5199966430664,1835950
2018-09-19,119.5199966430664,119.5199966430664,119.5999984741211,117.83999633789062,117.91999816894531,2182925
2018-09-20,118.4000015258789,118.4000015258789,120.4000015258789,118.23999786376953,120.16000366210938,1846075
2018-09-21,119.68000030517578,119.68000030517578,121.19999694824219,118.23999786376953,119.91999816894531,3544988
2018-09-24,122.0,122.0,122.87999725341797,121.36000061035156,121.76000213623047,3086350
2018-09-25,122.16000366210938,122.16000366210938,122.87999725341797,121.44000244140625,122.55999755859375,2287988
2018-09-26,120.87999725341797,120.87999725341797,121.91999816894531,120.72000122070312,121.36000061035156,1383150
2018-09-27,122.08000183105469,122.08000183105469,122.16000366210938,121.19999694824219,122.08000183105469,1472738
2018-09-28,124.16000366210938,124.16000366210938,124.55999755859375,121.83999633789062,121.91999816894531,2314638
2018-10-01,127.5999984741211,127.5999984741211,128.0800018310547,123.5999984741211,124.0,3278550
2018-10-02,126.95999908447266,126.95999908447266,127.68000030517578,126.63999938964844,127.5999984741211,1999750
2018-10-03,128.63999938964844,128.63999938964844,129.9199981689453,125.36000061035156,126.80000305175781,3278025
2018-10-04,125.91999816894531,125.91999816894531,128.24000549316406,124.87999725341797,128.24000549316406,3300213
2018-10-05,125.5199966430664,125.5199966430664,127.04000091552734,124.80000305175781,125.76000213623047,3253288
2018-10-08,125.44000244140625,125.44000244140625,125.68000030517578,124.23999786376953,124.4800033569336,2473338
2018-10-09,126.55999755859375,126.55999755859375,127.19999694824219,125.12000274658203,126.23999786376953,2912575
2018-10-10,123.04000091552734,123.04000091552734,126.16000366210938,122.95999908447266,126.16000366210938,2259738
2018-10-11,119.5999984741211,119.5999984741211,122.16000366210938,119.12000274658203,121.76000213623047,3723563
2018-10-12,120.95999908447266,120.95999908447266,121.27999877929688,119.36000061035156,121.12000274658203,3340900
2018-10-15,121.04000091552734,121.04000091552734,121.36000061035156,119.76000213623047,120.95999908447266,2797250
2018-10-16,121.5199966430664,121.5199966430664,122.16000366210938,120.4000015258789,120.72000122070312,2308700
2018-10-17,118.55999755859375,118.55999755859375,120.4800033569336,117.5199966430664,120.4000015258789,3950950
2018-10-18,116.4800033569336,116.4800033569336,118.08000183105469,116.08000183105469,116.4800033569336,2988300
2018-10-19,117.76000213623047,117.76000213623047,118.4000015258789,117.04000091552734,117.44000244140625,2574550
2018-10-22,117.91999816894531,117.91999816894531,118.0,116.0,116.80000305175781,2182725
2018-10-23,112.31999969482422,112.31999969482422,115.12000274658203,111.44000244140625,114.87999725341797,5841738
2018-10-24,112.4000015258789,112.4000015258789,114.72000122070312,112.31999969482422,113.91999816894531,3376750
2018-10-25,113.68000030517578,113.68000030517578,114.63999938964844,113.27999877929688,113.44000244140625,1922625
2018-10-26,114.63999938964844,114.63999938964844,115.04000091552734,112.4800033569336,112.95999908447266,2714938
2018-10-29,112.87999725341797,112.87999725341797,114.23999786376953,112.31999969482422,114.0,2657913
2018-10-30,112.23999786376953,112.23999786376953,113.27999877929688,110.95999908447266,111.19999694824219,2458200
2018-10-31,110.31999969482422,110.31999969482422,113.04000091552734,110.16000366210938,111.91999816894531,3998850
2018-11-01,107.68000030517578,107.68000030517578,110.87999725341797,106.95999908447266,110.87999725341797,4506738
2018-11-02,106.4800033569336,106.4800033569336,108.16000366210938,106.23999786376953,107.36000061035156,3595175
2018-11-05,106.4000015258789,106.4000015258789,108.72000122070312,106.31999969482422,107.91999816894531,2456175
2018-11-06,105.44000244140625,105.44000244140625,107.36000061035156,103.91999816894531,107.12000274658203,3702325
2018-11-07,104.4800033569336,104.4800033569336,106.4800033569336,103.83999633789062,106.08000183105469,3240038
2018-11-08,102.72000122070312,102.72000122070312,104.4800033569336,102.55999755859375,103.91999816894531,3425125
2018-11-09,101.5999984741211,101.5999984741211,102.72000122070312,100.55999755859375,101.19999694824219,3858088
2018-11-12,99.83999633789062,99.83999633789062,103.76000213623047,99.5199966430664,102.87999725341797,4355875
2018-11-13,93.5199966430664,93.5199966430664,99.83999633789062,92.95999908447266,99.36000061035156,10619463
2018-11-14,95.5999984741211,95.5999984741211,97.36000061035156,95.04000091552734,96.16000366210938,6936100
2018-11-15,95.83999633789062,95.83999633789062,97.27999877929688,95.44000244140625,95.91999816894531,4923988
2018-11-16,96.55999755859375,96.55999755859375,98.4000015258789,94.95999908447266,97.5999984741211,3793375
2018-11-19,97.12000274658203,97.12000274658203,97.44000244140625,93.5999984741211,95.04000091552734,4316188
2018-11-20,90.16000366210938,90.16000366210938,95.19999694824219,89.27999877929688,94.63999938964844,9022213
2018-11-21,92.16000366210938,92.16000366210938,94.55999755859375,91.36000061035156,92.08000183105469,4777600
2018-11-23,86.63999938964844,86.63999938964844,87.5199966430664,85.5199966430664,87.04000091552734,6942050
2018-11-26,87.5199966430664,87.5199966430664,88.4800033569336,87.04000091552734,87.5999984741211,4877700
2018-11-27,87.5999984741211,87.5999984741211,88.63999938964844,85.12000274658203,87.76000213623047,4510763
2018-11-28,85.27999877929688,85.27999877929688,88.31999969482422,84.80000305175781,86.80000305175781,6097725
2018-11-29,86.95999908447266,86.95999908447266,88.31999969482422,86.08000183105469,86.72000122070312,4139988
2018-11-30,85.83999633789062,85.83999633789062,87.44000244140625,84.08000183105469,85.04000091552734,5852475
2018-12-03,90.16000366210938,90.16000366210938,90.16000366210938,88.16000366210938,90.16000366210938,4072788
2018-12-04,89.44000244140625,89.44000244140625,90.80000305175781,89.19999694824219,90.0,3399300
2018-12-06,87.5199966430664,87.5199966430664,88.0,84.80000305175781,86.87999725341797,5738675
2018-12-07,88.87999725341797,88.87999725341797,91.83999633789062,88.63999938964844,90.95999908447266,5410950
2018-12-10,86.0,86.0,88.23999786376953,85.5999984741211,86.95999908447266,3925263
2018-12-11,87.5999984741211,87.5999984741211,88.80000305175781,86.80000305175781,88.31999969482422,2606038
2018-12-12,86.55999755859375,86.55999755859375,89.04000091552734,86.31999969482422,88.55999755859375,3284500
2018-12-13,89.68000030517578,89.68000030517578,90.16000366210938,85.76000213623047,85.91999816894531,6635338
2018-12-14,86.55999755859375,86.55999755859375,88.80000305175781,86.23999786376953,88.72000122070312,4474000
2018-12-17,83.5999984741211,83.5999984741211,87.27999877929688,83.27999877929688,87.12000274658203,5016200
2018-12-18,78.31999969482422,78.31999969482422,83.27999877929688,77.83999633789062,83.27999877929688,7047738
2018-12-19,80.16000366210938,80.16000366210938,81.5999984741211,79.36000061035156,79.76000213623047,4808563
2018-12-20,77.76000213623047,77.76000213623047,79.68000030517578,77.12000274658203,78.4800033569336,5516575
2018-12-21,76.55999755859375,76.55999755859375,78.23999786376953,76.31999969482422,76.95999908447266,4862650
2018-12-24,74.31999969482422,74.31999969482422,76.16000366210938,74.23999786376953,75.91999816894531,2699775
2018-12-26,79.19999694824219,79.19999694824219,79.36000061035156,73.83999633789062,74.0,5122350
2018-12-27,76.95999908447266,76.95999908447266,77.19999694824219,74.95999908447266,76.72000122070312,4572338
2018-12-28,76.23999786376953,76.23999786376953,77.19999694824219,75.04000091552734,76.31999969482422,2850425
2018-12-31,77.27999877929688,77.27999877929688,77.68000030517578,75.5199966430664,77.04000091552734,3552175
2019-01-02,78.80000305175781,78.80000305175781,80.63999938964844,74.87999725341797,75.36000061035156,4137850
2019-01-03,79.5999984741211,79.5999984741211,80.08000183105469,77.19999694824219,79.91999816894531,4027375
2019-01-04,81.44000244140625,81.44000244140625,83.12000274658203,80.4800033569336,81.36000061035156,4864513
2019-01-07,82.31999969482422,82.31999969482422,84.16000366210938,81.83999633789062,82.16000366210938,4031138
2019-01-08,84.0,84.0,84.4000015258789,82.87999725341797,83.44000244140625,3644150
2019-01-09,88.4000015258789,88.4000015258789,88.80000305175781,85.5199966430664,86.4800033569336,6148538
2019-01-10,88.80000305175781,88.80000305175781,89.12000274658203,86.80000305175781,87.12000274658203,2647250
2019-01-11,87.19999694824219,87.19999694824219,88.4000015258789,86.4800033569336,87.83999633789062,3576688
2019-01-14,85.5199966430664,85.5199966430664,87.44000244140625,85.04000091552734,86.4800033569336,3882538
2019-01-15,88.0,88.0,88.31999969482422,86.80000305175781,86.80000305175781,2989488
2019-01-16,88.4800033569336,88.4800033569336,88.55999755859375,86.55999755859375,87.5999984741211,4094163
2019-01-17,88.23999786376953,88.23999786376953,88.80000305175781,86.16000366210938,87.04000091552734,4481600
2019-01-18,90.4800033569336,90.4800033569336,90.95999908447266,88.31999969482422,88.95999908447266,5105025
2019-01-22,88.95999908447266,88.95999908447266,89.27999877929688,87.44000244140625,88.72000122070312,4597175
2019-01-23,88.4000015258789,88.4000015258789,89.5199966430664,87.12000274658203,89.36000061035156,3630600
2019-01-24,89.36000061035156,89.36000061035156,89.83999633789062,88.23999786376953,88.4800033569336,2748363
2019-01-25,90.0,90.0,90.4000015258789,89.27999877929688,89.5999984741211,2220975
2019-01-28,87.5999984741211,87.5999984741211,87.76000213623047,86.23999786376953,87.5199966430664,3613913
2019-01-29,89.27999877929688,89.27999877929688,90.63999938964844,88.95999908447266,88.95999908447266,2847825
2019-01-30,91.19999694824219,91.19999694824219,92.31999969482422,90.31999969482422,90.72000122070312,2582500
2019-01-31,90.80000305175781,90.80000305175781,93.04000091552734,90.08000183105469,92.0,3443350
2019-02-01,93.04000091552734,93.04000091552734,93.5199966430664,91.12000274658203,91.19999694824219,2362475
2019-02-04,92.0,92.0,92.16000366210938,89.5999984741211,91.04000091552734,2478475
2019-02-05,90.31999969482422,90.31999969482422,91.76000213623047,89.83999633789062,90.23999786376953,2743163
2019-02-06,90.55999755859375,90.55999755859375,91.27999877929688,89.04000091552734,89.68000030517578,2399100
2019-02-07,88.55999755859375,88.55999755859375,90.31999969482422,87.04000091552734,90.08000183105469,2777825
2019-02-08,88.63999938964844,88.63999938964844,89.04000091552734,87.76000213623047,88.80000305175781,1734588
2019-02-11,88.08000183105469,88.08000183105469,88.4800033569336,86.16000366210938,86.72000122070312,2945863
2019-02-12,89.27999877929688,89.27999877929688,90.72000122070312,89.04000091552734,90.55999755859375,2233888
2019-02-13,90.72000122070312,90.72000122070312,91.76000213623047,90.31999969482422,90.4000015258789,2597725
2019-02-14,91.83999633789062,91.83999633789062,91.83999633789062,89.36000061035156,90.16000366210938,3395525
2019-02-15,93.68000030517578,93.68000030517578,93.83999633789062,92.55999755859375,92.87999725341797,2346175
2019-02-19,94.23999786376953,94.23999786376953,94.4000015258789,93.04000091552734,93.12000274658203,2636700
2019-02-20,95.44000244140625,95.44000244140625,96.16000366210938,93.76000213623047,93.83999633789062,2125913
2019-02-21,95.04000091552734,95.04000091552734,95.5199966430664,94.63999938964844,95.12000274658203,1654338
2019-02-22,95.5999984741211,95.5999984741211,96.4800033569336,95.44000244140625,96.0,1635113
2019-02-25,92.55999755859375,92.55999755859375,94.16000366210938,92.0,93.83999633789062,3565650
2019-02-26,93.04000091552734,93.04000091552734,93.5999984741211,92.31999969482422,92.87999725341797,2493225
2019-02-27,95.12000274658203,95.12000274658203,95.91999816894531,94.08000183105469,94.63999938964844,2688475
2019-02-28,95.5999984741211,95.5999984741211,95.91999816894531,94.80000305175781,95.36000061035156,1783638
2019-03-01,93.27999877929688,93.27999877929688,96.23999786376953,92.87999725341797,95.5999984741211,3959200
2019-03-04,94.4000015258789,94.4000015258789,95.27999877929688,93.44000244140625,94.72000122070312,2754200
2019-03-05,94.55999755859375,94.55999755859375,95.44000244140625,94.08000183105469,95.27999877929688,2590213
2019-03-06,94.0,94.0,94.31999969482422,92.63999938964844,93.68000030517578,3225238
2019-03-07,94.4800033569336,94.4800033569336,94.87999725341797,94.0,94.63999938964844,2221275
2019-03-08,93.83999633789062,93.83999633789062,93.91999816894531,91.12000274658203,92.08000183105469,3694688
2019-03-11,94.87999725341797,94.87999725341797,95.19999694824219,94.16000366210938,94.95999908447266,2812000
2019-03-12,95.12000274658203,95.12000274658203,96.16000366210938,94.80000305175781,95.5199966430664,2052438
2019-03-13,97.5199966430664,97.5199966430664,97.68000030517578,96.23999786376953,96.4000015258789,3626700
2019-03-14,97.76000213623047,97.76000213623047,98.16000366210938,97.12000274658203,97.76000213623047,2648075
2019-03-15,97.5999984741211,97.5999984741211,97.91999816894531,96.4800033569336,96.63999938964844,2030775
2019-03-18,98.4800033569336,98.4800033569336,98.95999908447266,97.68000030517578,97.83999633789062,2304938
2019-03-19,98.23999786376953,98.23999786376953,99.27999877929688,97.91999816894531,99.04000091552734,1948513
2019-03-20,100.0,100.0,100.16000366210938,98.0,98.16000366210938,2446100
2019-03-21,99.5199966430664,99.5199966430664,100.4000015258789,99.12000274658203,99.83999633789062,1866700
2019-03-22,97.83999633789062,97.83999633789062,98.55999755859375,96.87999725341797,98.4000015258789,2842488
2019-03-25,98.0,98.0,98.63999938964844,96.63999938964844,97.44000244140625,2457838
2019-03-26,99.76000213623047,99.76000213623047,100.31999969482422,99.19999694824219,99.91999816894531,2047625
2019-03-27,98.72000122070312,98.72000122070312,100.08000183105469,97.76000213623047,99.91999816894531,2391100
2019-03-28,98.80000305175781,98.80000305175781,98.80000305175781,97.12000274658203,97.19999694824219,2587638
2019-03-29,100.0,100.0,100.4800033569336,99.36000061035156,100.4800033569336,2203938
2019-04-01,102.55999755859375,102.55999755859375,102.63999938964844,100.63999938964844,100.95999908447266,2856938
2019-04-02,104.08000183105469,104.08000183105469,104.31999969482422,102.80000305175781,103.04000091552734,2901425
2019-04-03,103.91999816894531,103.91999816894531,104.4800033569336,103.19999694824219,104.0,3037750
2019-04-04,103.36000061035156,103.36000061035156,104.31999969482422,102.87999725341797,103.83999633789062,2172100
2019-04-05,105.19999694824219,105.19999694824219,105.36000061035156,103.76000213623047,103.83999633789062,2344913
2019-04-08,107.19999694824219,107.19999694824219,107.27999877929688,105.83999633789062,105.83999633789062,2982438
2019-04-09,106.63999938964844,106.63999938964844,107.04000091552734,105.91999816894531,106.80000305175781,3424225
2019-04-10,107.27999877929688,107.27999877929688,107.68000030517578,106.63999938964844,107.04000091552734,2108263
2019-04-11,106.16000366210938,106.16000366210938,107.04000091552734,105.44000244140625,106.72000122070312,2359750
2019-04-12,106.4000015258789,106.4000015258789,107.19999694824219,106.23999786376953,106.87999725341797,2317625
2019-04-15,105.91999816894531,105.91999816894531,106.31999969482422,105.12000274658203,105.83999633789062,1979563
2019-04-16,106.95999908447266,106.95999908447266,107.04000091552734,105.04000091552734,105.83999633789062,1681163
2019-04-17,106.23999786376953,106.23999786376953,107.12000274658203,106.08000183105469,107.04000091552734,1932463
2019-04-18,106.55999755859375,106.55999755859375,106.72000122070312,105.83999633789062,106.4000015258789,1549138
2019-04-22,109.36000061035156,109.36000061035156,109.76000213623047,108.80000305175781,108.87999725341797,2547713
2019-04-23,110.31999969482422,110.31999969482422,110.87999725341797,109.68000030517578,109.76000213623047,2315425
2019-04-24,109.44000244140625,109.44000244140625,110.55999755859375,109.27999877929688,110.4800033569336,1879188
2019-04-25,108.23999786376953,108.23999786376953,109.83999633789062,108.0,109.5199966430664,2195313
2019-04-26,104.72000122070312,104.72000122070312,107.12000274658203,103.68000030517578,107.04000091552734,5269263
2019-04-29,105.83999633789062,105.83999633789062,106.0,104.4000015258789,105.19999694824219,2926275
2019-04-30,106.31999969482422,106.31999969482422,106.87999725341797,105.44000244140625,106.80000305175781,2096425
2019-05-01,105.76000213623047,105.76000213623047,106.4800033569336,104.4800033569336,106.23999786376953,3221438
2019-05-02,102.55999755859375,102.55999755859375,103.5199966430664,101.5199966430664,103.36000061035156,5288613
2019-05-03,102.95999908447266,102.95999908447266,104.08000183105469,102.80000305175781,102.95999908447266,3274225
2019-05-06,104.55999755859375,104.55999755859375,104.87999725341797,102.31999969482422,102.31999969482422,4741500
2019-05-07,101.83999633789062,101.83999633789062,102.80000305175781,101.04000091552734,102.23999786376953,3743113
2019-05-08,103.12000274658203,103.12000274658203,103.83999633789062,102.0,102.23999786376953,2893750
2019-05-09,102.4800033569336,102.4800033569336,102.95999908447266,101.44000244140625,102.55999755859375,2399013
2019-05-10,102.72000122070312,102.72000122070312,103.44000244140625,102.31999969482422,102.4000015258789,2353613
2019-05-13,101.44000244140625,101.44000244140625,105.5199966430664,101.12000274658203,105.12000274658203,4848838
2019-05-14,102.95999908447266,102.95999908447266,103.5999984741211,102.4800033569336,102.72000122070312,2536025
2019-05-15,103.76000213623047,103.76000213623047,104.08000183105469,102.08000183105469,102.16000366210938,2752538
2019-05-16,105.12000274658203,105.12000274658203,105.91999816894531,104.63999938964844,104.80000305175781,2457738
2019-05-17,104.63999938964844,104.63999938964844,106.08000183105469,104.23999786376953,105.27999877929688,2948463
2019-05-20,105.19999694824219,105.19999694824219,105.76000213623047,104.23999786376953,104.95999908447266,2682613
2019-05-21,105.04000091552734,105.04000091552734,105.36000061035156,104.4000015258789,104.87999725341797,1840013
2019-05-22,101.91999816894531,101.91999816894531,104.4000015258789,101.5199966430664,103.91999816894531,3444325
2019-05-23,96.72000122070312,96.72000122070312,98.95999908447266,95.36000061035156,98.95999908447266,5696450
2019-05-24,97.83999633789062,97.83999633789062,97.91999816894531,95.5999984741211,97.76000213623047,2690888
2019-05-28,97.83999633789062,97.83999633789062,98.95999908447266,97.5999984741211,98.95999908447266,2925488
2019-05-29,97.91999816894531,97.91999816894531,98.23999786376953,94.63999938964844,96.23999786376953,4513238
2019-05-30,94.08000183105469,94.08000183105469,98.31999969482422,93.76000213623047,98.23999786376953,3688588
2019-05-31,88.80000305175781,88.80000305175781,92.31999969482422,88.31999969482422,91.5999984741211,5039950
2019-06-03,87.91999816894531,87.91999816894531,90.55999755859375,87.68000030517578,90.4000015258789,4144100
2019-06-04,89.27999877929688,89.27999877929688,89.5199966430664,87.5999984741211,88.55999755859375,2809363
2019-06-05,86.16000366210938,86.16000366210938,88.16000366210938,84.23999786376953,88.08000183105469,5199913
2019-06-06,88.4800033569336,88.4800033569336,88.72000122070312,85.19999694824219,85.91999816894531,3949350
2019-06-07,89.83999633789062,89.83999633789062,90.4000015258789,87.5999984741211,87.76000213623047,3269400
2019-06-10,88.87999725341797,88.87999725341797,90.80000305175781,88.31999969482422,89.83999633789062,2936625
2019-06-11,88.87999725341797,88.87999725341797,89.76000213623047,88.31999969482422,89.5199966430664,2360613
2019-06-12,85.12000274658203,85.12000274658203,87.19999694824219,84.55999755859375,87.04000091552734,4382650
2019-06-13,87.04000091552734,87.04000091552734,88.63999938964844,86.4800033569336,88.55999755859375,4366050
2019-06-14,87.5199966430664,87.5199966430664,88.31999969482422,86.87999725341797,87.36000061035156,3216363
2019-06-17,86.4800033569336,86.4800033569336,87.5999984741211,86.0,86.80000305175781,3940363
2019-06-18,90.0,90.0,90.4800033569336,87.68000030517578,87.91999816894531,4511600
2019-06-19,90.63999938964844,90.63999938964844,90.72000122070312,88.80000305175781,89.12000274658203,5144688
2019-06-20,94.80000305175781,94.80000305175781,95.19999694824219,93.04000091552734,93.5199966430664,5822450
2019-06-21,95.76000213623047,95.76000213623047,95.83999633789062,94.80000305175781,94.87999725341797,3071975
2019-06-24,96.08000183105469,96.08000183105469,96.31999969482422,94.16000366210938,95.5999984741211,3329000
2019-06-25,96.0,96.0,96.87999725341797,95.5199966430664,96.31999969482422,2896213
2019-06-26,98.31999969482422,98.31999969482422,99.44000244140625,98.0,98.31999969482422,4382438
2019-06-27,98.31999969482422,98.31999969482422,99.12000274658203,98.08000183105469,98.31999969482422,3304888
2019-06-28,96.31999969482422,96.31999969482422,98.80000305175781,95.83999633789062,98.63999938964844,3607100
2019-07-01,98.23999786376953,98.23999786376953,99.5999984741211,96.87999725341797,99.5199966430664,3904350
2019-07-02,93.5999984741211,93.5999984741211,97.68000030517578,93.12000274658203,97.68000030517578,6164288
2019-07-03,94.16000366210938,94.16000366210938,94.87999725341797,93.19999694824219,94.4800033569336,2461275
2019-07-05,95.5999984741211,95.5999984741211,95.91999816894531,94.55999755859375,94.87999725341797,2838250
2019-07-08,95.44000244140625,95.44000244140625,97.04000091552734,95.27999877929688,96.0,3144800
2019-07-09,96.31999969482422,96.31999969482422,96.4000015258789,95.36000061035156,95.83999633789062,1831988
2019-07-10,100.23999786376953,100.23999786376953,100.55999755859375,98.4000015258789,98.63999938964844,4188488
2019-07-11,100.4000015258789,100.4000015258789,101.04000091552734,99.83999633789062,100.55999755859375,2230188
2019-07-12,100.16000366210938,100.16000366210938,100.63999938964844,99.5199966430664,100.08000183105469,1864188
2019-07-15,98.4000015258789,98.4000015258789,100.87999725341797,98.31999969482422,100.80000305175781,2717275
2019-07-16,96.55999755859375,96.55999755859375,99.76000213623047,94.87999725341797,98.95999908447266,4500138
2019-07-17,94.0,94.0,96.87999725341797,93.91999816894531,96.87999725341797,3774625
2019-07-18,92.4800033569336,92.4800033569336,94.4000015258789,90.95999908447266,94.31999969482422,4824113
2019-07-19,93.36000061035156,93.36000061035156,93.5199966430664,91.44000244140625,92.55999755859375,3138538
2019-07-22,93.44000244140625,93.44000244140625,93.68000030517578,92.63999938964844,92.95999908447266,2999463
2019-07-23,94.4800033569336,94.4800033569336,94.55999755859375,92.72000122070312,93.44000244140625,2235125
2019-07-24,92.72000122070312,92.72000122070312,95.5999984741211,91.76000213623047,94.4800033569336,4365500
2019-07-25,92.80000305175781,92.80000305175781,94.16000366210938,92.63999938964844,93.83999633789062,2486525
2019-07-26,93.19999694824219,93.19999694824219,93.68000030517578,92.4000015258789,93.12000274658203,2157050
2019-07-29,94.55999755859375,94.55999755859375,94.72000122070312,92.72000122070312,94.16000366210938,2837450
2019-07-30,96.63999938964844,96.63999938964844,96.80000305175781,94.55999755859375,94.72000122070312,2717500
2019-07-31,96.31999969482422,96.31999969482422,97.5999984741211,96.0,97.19999694824219,3487513
2019-08-01,90.4800033569336,90.4800033569336,95.04000091552734,88.95999908447266,94.95999908447266,7204325
2019-08-02,91.83999633789062,91.83999633789062,92.80000305175781,91.5199966430664,92.72000122070312,4697250
2019-08-05,90.95999908447266,90.95999908447266,92.31999969482422,90.31999969482422,90.4800033569336,5893975
2019-08-06,89.12000274658203,89.12000274658203,91.5199966430664,88.72000122070312,91.44000244140625,3784238
2019-08-07,86.72000122070312,86.72000122070312,87.12000274658203,83.91999816894531,86.4800033569336,6763025
2019-08-08,87.68000030517578,87.68000030517578,87.91999816894531,86.31999969482422,86.87999725341797,2943325
2019-08-09,90.23999786376953,90.23999786376953,91.04000091552734,89.5999984741211,89.76000213623047,3621725
2019-08-12,90.87999725341797,90.87999725341797,91.5199966430664,90.08000183105469,90.95999908447266,3017350
2019-08-13,94.95999908447266,94.95999908447266,95.44000244140625,90.4800033569336,90.63999938964844,5961538
2019-08-14,91.5199966430664,91.5199966430664,92.16000366210938,89.83999633789062,91.68000030517578,5230788
2019-08-15,90.80000305175781,90.80000305175781,91.36000061035156,89.76000213623047,90.4000015258789,3736775
2019-08-16,91.19999694824219,91.19999694824219,91.5199966430664,90.23999786376953,91.04000091552734,2934063
2019-08-19,93.27999877929688,93.27999877929688,93.68000030517578,92.0,92.80000305175781,3048788
2019-08-20,93.04000091552734,93.04000091552734,93.91999816894531,91.76000213623047,92.72000122070312,3079800
2019-08-21,92.87999725341797,92.87999725341797,94.95999908447266,92.4000015258789,94.72000122070312,3012050
2019-08-22,92.23999786376953,92.23999786376953,93.5999984741211,91.27999877929688,93.27999877929688,2723800
2019-08-23,89.5199966430664,89.5199966430664,91.12000274658203,88.63999938964844,89.83999633789062,4256988
2019-08-26,89.44000244140625,89.44000244140625,91.91999816894531,89.12000274658203,91.5199966430664,3258313
2019-08-27,91.36000061035156,91.36000061035156,91.68000030517578,89.36000061035156,89.91999816894531,3070175
2019-08-28,93.12000274658203,93.12000274658203,94.31999969482422,92.4000015258789,93.76000213623047,3798725
2019-08-29,94.23999786376953,94.23999786376953,94.63999938964844,93.19999694824219,93.19999694824219,2845675
2019-08-30,91.68000030517578,91.68000030517578,94.08000183105469,90.80000305175781,93.91999816894531,3818588
2019-09-03,89.76000213623047,89.76000213623047,90.16000366210938,87.91999816894531,88.72000122070312,3508138
2019-09-04,93.68000030517578,93.68000030517578,94.16000366210938,92.16000366210938,92.23999786376953,3640475
2019-09-05,93.5999984741211,93.5999984741211,96.08000183105469,93.19999694824219,94.4000015258789,3410813
2019-09-06,94.16000366210938,94.16000366210938,94.80000305175781,91.27999877929688,91.68000030517578,2792525
2019-09-09,96.63999938964844,96.63999938964844,96.80000305175781,95.19999694824219,95.36000061035156,2925375
2019-09-10,95.83999633789062,95.83999633789062,97.83999633789062,95.19999694824219,96.87999725341797,3195700
2019-09-11,93.44000244140625,93.44000244140625,96.4000015258789,92.63999938964844,95.91999816894531,4790675
2019-09-12,91.76000213623047,91.76000213623047,92.16000366210938,90.23999786376953,90.55999755859375,4467400
2019-09-13,91.5199966430664,91.5199966430664,92.23999786376953,91.04000091552734,91.91999816894531,1759300
2019-09-16,102.63999938964844,102.63999938964844,105.27999877929688,99.5999984741211,99.91999816894531,10127500
2019-09-17,98.31999969482422,98.31999969482422,103.44000244140625,97.19999694824219,103.44000244140625,12328888
2019-09-18,96.80000305175781,96.80000305175781,98.16000366210938,96.08000183105469,97.04000091552734,4318013
2019-09-19,97.5199966430664,97.5199966430664,98.31999969482422,96.87999725341797,97.76000213623047,3791363
2019-09-20,97.5999984741211,97.5999984741211,98.55999755859375,96.63999938964844,97.83999633789062,3009613
2019-09-23,97.68000030517578,97.68000030517578,97.91999816894531,96.31999969482422,97.12000274658203,2557938
2019-09-24,95.19999694824219,95.19999694824219,97.19999694824219,94.87999725341797,96.95999908447266,3676788
2019-09-25,94.4000015258789,94.4000015258789,94.55999755859375,92.80000305175781,93.27999877929688,2699925
2019-09-26,94.4000015258789,94.4000015258789,94.55999755859375,92.4800033569336,93.44000244140625,2621225
2019-09-27,93.27999877929688,93.27999877929688,94.72000122070312,92.4000015258789,92.55999755859375,3215050
2019-09-30,90.72000122070312,90.72000122070312,92.80000305175781,90.08000183105469,92.08000183105469,3148013
2019-10-01,89.5199966430664,89.5199966430664,91.44000244140625,88.55999755859375,91.12000274658203,3282413
2019-10-02,87.83999633789062,87.83999633789062,89.5999984741211,87.12000274658203,89.5999984741211,3548150
2019-10-03,87.44000244140625,87.44000244140625,87.83999633789062,85.12000274658203,86.63999938964844,3670125
2019-10-04,88.31999969482422,88.31999969482422,89.12000274658203,86.87999725341797,88.55999755859375,3493338
2019-10-07,88.31999969482422,88.31999969482422,90.23999786376953,87.83999633789062,89.12000274658203,2510275
2019-10-08,87.12000274658203,87.12000274658203,88.16000366210938,86.55999755859375,86.95999908447266,3048913
2019-10-09,87.91999816894531,87.91999816894531,89.68000030517578,87.44000244140625,89.44000244140625,2974925
2019-10-10,89.5199966430664,89.5199966430664,89.76000213623047,88.4000015258789,88.87999725341797,2633863
2019-10-11,91.36000061035156,91.36000061035156,91.68000030517578,89.91999816894531,89.91999816894531,4597325
2019-10-14,89.44000244140625,89.44000244140625,89.76000213623047,88.23999786376953,89.27999877929688,2963863
2019-10-15,88.4800033569336,88.4800033569336,89.83999633789062,88.08000183105469,89.19999694824219,3113238
2019-10-16,89.12000274658203,89.12000274658203,89.83999633789062,88.08000183105469,88.08000183105469,2535325
2019-10-17,90.23999786376953,90.23999786376953,90.4800033569336,88.08000183105469,88.55999755859375,2197750
2019-10-18,89.76000213623047,89.76000213623047,91.12000274658203,89.19999694824219,90.72000122070312,2495125
2019-10-21,89.68000030517578,89.68000030517578,89.76000213623047,88.31999969482422,88.4000015258789,2197450
2019-10-22,90.72000122070312,90.72000122070312,91.5199966430664,89.91999816894531,90.4800033569336,2758975
2019-10-23,93.19999694824219,93.19999694824219,93.5999984741211,90.16000366210938,90.23999786376953,3218288
2019-10-24,93.83999633789062,93.83999633789062,94.31999969482422,93.44000244140625,93.5999984741211,2016850
2019-10-25,94.63999938964844,94.63999938964844,94.72000122070312,92.87999725341797,93.68000030517578,2064113
2019-10-28,93.19999694824219,93.19999694824219,95.04000091552734,92.80000305175781,94.72000122070312,2371638
2019-10-29,92.63999938964844,92.63999938964844,93.36000061035156,91.36000061035156,91.5199966430664,2198250
2019-10-30,91.76000213623047,91.76000213623047,92.55999755859375,90.87999725341797,92.55999755859375,2995100
2019-10-31,90.4000015258789,90.4000015258789,91.19999694824219,89.68000030517578,91.12000274658203,2764125
2019-11-01,93.5199966430664,93.5199966430664,94.08000183105469,91.5199966430664,91.5999984741211,3279475
2019-11-04,94.4800033569336,94.4800033569336,95.91999816894531,94.23999786376953,95.44000244140625,3043050
2019-11-05,95.44000244140625,95.44000244140625,96.08000183105469,95.27999877929688,95.36000061035156,2096388
2019-11-06,94.4800033569336,94.4800033569336,96.63999938964844,93.76000213623047,95.68000030517578,4253388
2019-11-07,95.04000091552734,95.04000091552734,96.63999938964844,94.87999725341797,95.83999633789062,3258350
2019-11-08,95.91999816894531,95.91999816894531,96.0,93.12000274658203,93.83999633789062,3007900
2019-11-11,95.12000274658203,95.12000274658203,95.83999633789062,94.16000366210938,94.31999969482422,2223975
2019-11-12,94.95999908447266,94.95999908447266,96.16000366210938,94.4800033569336,95.68000030517578,2174300
2019-11-13,95.68000030517578,95.68000030517578,96.16000366210938,94.4000015258789,94.4000015258789,2805600
2019-11-14,95.27999877929688,95.27999877929688,96.4800033569336,94.80000305175781,96.31999969482422,2546963
2019-11-15,96.63999938964844,96.63999938964844,97.04000091552734,94.95999908447266,94.95999908447266,2205175
2019-11-18,95.19999694824219,95.19999694824219,96.08000183105469,94.63999938964844,95.83999633789062,3133963
2019-11-19,92.55999755859375,92.55999755859375,93.91999816894531,92.16000366210938,93.68000030517578,3603938
2019-11-20,95.19999694824219,95.19999694824219,95.83999633789062,92.95999908447266,93.44000244140625,4793388
2019-11-21,97.5999984741211,97.5999984741211,98.0,96.31999969482422,96.4800033569336,3373875
2019-11-22,96.87999725341797,96.87999725341797,97.68000030517578,96.08000183105469,97.5999984741211,2237288
2019-11-25,96.87999725341797,96.87999725341797,97.12000274658203,95.76000213623047,96.23999786376953,2349188
2019-11-26,97.5199966430664,97.5199966430664,97.83999633789062,96.63999938964844,97.36000061035156,2056675
2019-11-27,97.12000274658203,97.12000274658203,97.76000213623047,96.16000366210938,97.27999877929688,1884600
2019-11-29,92.95999908447266,92.95999908447266,95.5199966430664,92.31999969482422,95.44000244140625,3345288
2019-12-02,93.36000061035156,93.36000061035156,94.4800033569336,92.95999908447266,94.23999786376953,1741188
2019-12-03,94.08000183105469,94.08000183105469,94.87999725341797,92.72000122070312,93.36000061035156,2904463
2019-12-04,97.5199966430664,97.5199966430664,98.0,96.4000015258789,96.4800033569336,3670338
2019-12-05,97.5199966430664,97.5199966430664,98.80000305175781,97.19999694824219,98.4800033569336,2974575
2019-12-06,98.55999755859375,98.55999755859375,100.0,96.95999908447266,97.04000091552734,2626563
2019-12-09,98.63999938964844,98.63999938964844,99.04000091552734,98.0,98.0,1587100
2019-12-10,99.12000274658203,99.12000274658203,99.44000244140625,98.16000366210938,98.4800033569336,1284188
2019-12-11,98.4000015258789,98.4000015258789,98.95999908447266,97.12000274658203,98.63999938964844,1918325
2019-12-12,98.95999908447266,98.95999908447266,99.76000213623047,98.4000015258789,98.4000015258789,2787500
2019-12-13,99.91999816894531,99.91999816894531,101.04000091552734,99.12000274658203,99.27999877929688,2137638
2019-12-16,100.72000122070312,100.72000122070312,100.95999908447266,100.4800033569336,100.63999938964844,801663
2019-12-17,101.76000213623047,101.76000213623047,102.08000183105469,101.19999694824219,101.19999694824219,1494075
2019-12-18,101.91999816894531,101.91999816894531,102.31999969482422,100.95999908447266,101.27999877929688,1483338
2019-12-19,102.23999786376953,102.23999786376953,102.80000305175781,101.68000030517578,102.0,959575
2019-12-20,101.04000091552734,101.04000091552734,101.76000213623047,100.4800033569336,101.76000213623047,1429338
2019-12-23,101.5999984741211,101.5999984741211,101.76000213623047,100.72000122070312,100.87999725341797,931600
2019-12-24,102.16000366210938,102.16000366210938,102.31999969482422,101.83999633789062,101.83999633789062,431738
2019-12-26,103.12000274658203,103.12000274658203,103.5199966430664,102.55999755859375,102.55999755859375,881688
2019-12-27,103.27999877929688,103.27999877929688,103.68000030517578,102.55999755859375,103.36000061035156,1137988
2019-12-30,103.12000274658203,103.12000274658203,104.16000366210938,102.31999969482422,104.08000183105469,1121463
2019-12-31,102.4800033569336,102.4800033569336,103.68000030517578,101.5199966430664,101.68000030517578,1450663
2020-01-02,102.4800033569336,102.4800033569336,102.80000305175781,101.5999984741211,102.4000015258789,1563638
2020-01-03,105.44000244140625,105.44000244140625,106.55999755859375,104.23999786376953,106.16000366210938,4325450
2020-01-06,105.27999877929688,105.27999877929688,106.55999755859375,104.95999908447266,106.4000015258789,2598413
2020-01-07,105.04000091552734,105.04000091552734,105.44000244140625,104.08000183105469,104.80000305175781,1742075
2020-01-08,101.27999877929688,101.27999877929688,104.55999755859375,99.12000274658203,104.4800033569336,6918425
2020-01-09,99.91999816894531,99.91999816894531,100.31999969482422,98.31999969482422,99.5999984741211,3439450
2020-01-10,99.27999877929688,99.27999877929688,99.83999633789062,98.72000122070312,99.44000244140625,2016750
2020-01-13,97.5999984741211,97.5999984741211,98.4800033569336,97.27999877929688,98.4800033569336,2858525
2020-01-14,98.23999786376953,98.23999786376953,98.55999755859375,97.5999984741211,98.16000366210938,2336713
2020-01-15,97.44000244140625,97.44000244140625,97.76000213623047,96.4000015258789,97.5999984741211,1881763
2020-01-16,98.31999969482422,98.31999969482422,98.87999725341797,97.5999984741211,97.5999984741211,1960813
2020-01-17,98.63999938964844,98.63999938964844,98.95999908447266,97.91999816894531,98.63999938964844,2220763
2020-01-21,97.91999816894531,97.91999816894531,98.72000122070312,97.68000030517578,97.76000213623047,1709638
2020-01-22,95.19999694824219,95.19999694824219,96.31999969482422,95.04000091552734,96.23999786376953,3196463
2020-01-23,93.27999877929688,93.27999877929688,93.68000030517578,92.0,92.80000305175781,3858525
2020-01-24,91.44000244140625,91.44000244140625,92.0,90.4800033569336,91.91999816894531,3051025
2020-01-27,88.80000305175781,88.80000305175781,89.91999816894531,88.16000366210938,88.87999725341797,3142588
2020-01-28,90.0,90.0,90.55999755859375,88.87999725341797,89.27999877929688,3048700
2020-01-29,89.27999877929688,89.27999877929688,90.31999969482422,88.72000122070312,90.23999786376953,2720475
2020-01-30,88.63999938964844,88.63999938964844,88.72000122070312,86.80000305175781,87.44000244140625,3689650
2020-01-31,86.72000122070312,86.72000122070312,87.83999633789062,85.5999984741211,87.04000091552734,4051950
2020-02-03,83.91999816894531,83.91999816894531,86.72000122070312,83.83999633789062,86.0,5052888
2020-02-04,83.5199966430664,83.5199966430664,85.5999984741211,83.19999694824219,85.44000244140625,5189425
2020-02-05,85.5999984741211,85.5999984741211,87.12000274658203,84.72000122070312,86.0,5089350
2020-02-06,85.91999816894531,85.91999816894531,86.16000366210938,84.4000015258789,85.12000274658203,3249838
2020-02-07,84.63999938964844,84.63999938964844,85.76000213623047,84.31999969482422,84.80000305175781,2610963
2020-02-10,83.36000061035156,83.36000061035156,84.4800033569336,83.04000091552734,83.83999633789062,2825925
2020-02-11,84.0,84.0,85.12000274658203,83.5999984741211,85.04000091552734,3117025
2020-02-12,86.4800033569336,86.4800033569336,86.87999725341797,85.68000030517578,86.55999755859375,3927025
2020-02-13,86.72000122070312,86.72000122070312,87.19999694824219,86.0,86.55999755859375,3609588
2020-02-14,87.5999984741211,87.5999984741211,87.91999816894531,86.72000122070312,87.68000030517578,3057125
2020-02-18,87.5999984741211,87.5999984741211,87.5999984741211,86.0,86.08000183105469,2676363
2020-02-19,89.44000244140625,89.44000244140625,89.83999633789062,88.16000366210938,89.04000091552734,3137575
2020-02-20,90.23999786376953,90.23999786376953,91.44000244140625,90.0,90.4800033569336,3422725
2020-02-21,89.27999877929688,89.27999877929688,89.68000030517578,87.91999816894531,88.63999938964844,3380650
2020-02-24,85.91999816894531,85.91999816894531,86.4800033569336,84.4000015258789,85.04000091552734,4694088
2020-02-25,83.19999694824219,83.19999694824219,86.23999786376953,83.19999694824219,86.08000183105469,4134238
2020-02-26,81.5199966430664,81.5199966430664,84.4000015258789,80.87999725341797,83.04000091552734,4913738
2020-02-27,78.23999786376953,78.23999786376953,79.91999816894531,76.80000305175781,77.76000213623047,6233213
2020-02-28,75.5999984741211,75.5999984741211,76.0,73.36000061035156,75.36000061035156,5373138
2020-03-02,79.36000061035156,79.36000061035156,79.36000061035156,76.31999969482422,77.36000061035156,5173363
2020-03-03,79.12000274658203,79.12000274658203,81.44000244140625,77.76000213623047,80.0,6408250
2020-03-04,78.87999725341797,78.87999725341797,81.04000091552734,78.08000183105469,80.87999725341797,5793713
2020-03-05,76.87999725341797,76.87999725341797,78.80000305175781,76.4000015258789,78.4800033569336,4140325
2020-03-06,69.83999633789062,69.83999633789062,74.16000366210938,68.80000305175781,74.08000183105469,9782050
2020-03-09,52.15999984741211,52.15999984741211,58.400001525878906,52.0,54.560001373291016,19268563
2020-03-10,57.91999816894531,57.91999816894531,58.63999938964844,54.880001068115234,56.720001220703125,10698375
2020-03-11,55.52000045776367,55.52000045776367,56.720001220703125,54.720001220703125,56.15999984741211,8137688
2020-03-12,52.31999969482422,52.31999969482422,54.400001525878906,51.439998626708984,51.52000045776367,11630325
2020-03-13,55.68000030517578,55.68000030517578,57.040000915527344,52.31999969482422,55.119998931884766,9832213
2020-03-16,48.400001525878906,48.400001525878906,51.040000915527344,46.560001373291016,48.720001220703125,9516613
2020-03-17,45.68000030517578,45.68000030517578,49.20000076293945,45.040000915527344,48.31999969482422,8618150
2020-03-18,37.68000030517578,37.68000030517578,41.439998626708984,34.31999969482422,40.47999954223633,23764250
2020-03-19,42.959999084472656,42.959999084472656,45.36000061035156,36.79999923706055,38.31999969482422,16267000
2020-03-20,39.52000045776367,39.52000045776367,42.959999084472656,37.439998626708984,42.2400016784668,18333663
2020-03-23,39.040000915527344,39.040000915527344,39.20000076293945,36.2400016784668,38.15999984741211,9050388
2020-03-24,39.84000015258789,39.84000015258789,40.560001373291016,38.31999969482422,40.47999954223633,10639513
2020-03-25,40.63999938964844,40.63999938964844,41.279998779296875,38.0,39.119998931884766,12344863
2020-03-26,38.63999938964844,38.63999938964844,39.68000030517578,37.119998931884766,39.20000076293945,15703500
2020-03-27,35.7599983215332,35.7599983215332,36.2400016784668,34.63999938964844,36.08000183105469,15312050
2020-03-30,33.84000015258789,33.84000015258789,34.2400016784668,32.2400016784668,33.68000030517578,20541175
2020-03-31,33.68000030517578,33.68000030517578,34.959999084472656,33.279998779296875,34.959999084472656,15639525
2020-04-01,35.040000915527344,35.040000915527344,35.040000915527344,33.040000915527344,33.91999816894531,14878650
2020-04-02,40.880001068115234,40.880001068115234,45.36000061035156,36.0,36.63999938964844,40226725
2020-04-03,47.20000076293945,47.20000076293945,48.15999984741211,43.52000045776367,45.599998474121094,28238825
2020-04-06,43.84000015258789,43.84000015258789,45.68000030517578,42.959999084472656,44.959999084472656,20350275
2020-04-07,40.720001220703125,40.720001220703125,44.2400016784668,39.119998931884766,43.68000030517578,23432475
2020-04-08,42.959999084472656,42.959999084472656,43.20000076293945,39.52000045776367,40.63999938964844,21113950
2020-04-09,39.84000015258789,39.84000015258789,46.2400016784668,38.400001525878906,43.20000076293945,37976150
2020-04-13,39.439998626708984,39.439998626708984,40.560001373291016,38.79999923706055,39.7599983215332,15693888
2020-04-14,37.279998779296875,37.279998779296875,38.400001525878906,36.2400016784668,38.08000183105469,23984000
2020-04-15,35.439998626708984,35.439998626708984,35.7599983215332,34.400001525878906,35.439998626708984,27402750
2020-04-16,34.880001068115234,34.880001068115234,35.279998779296875,33.20000076293945,35.20000076293945,30161238
2020-04-17,33.68000030517578,33.68000030517578,34.08000183105469,32.79999923706055,33.20000076293945,31270575
2020-04-20,30.0,30.0,32.400001525878906,29.600000381469727,30.079999923706055,109403825
2020-04-21,22.479999542236328,22.479999542236328,27.200000762939453,18.479999542236328,25.520000457763672,124913013
2020-04-22,20.079999923706055,20.079999923706055,23.520000457763672,20.0,23.200000762939453,54487213
2020-04-23,21.1200008392334,21.1200008392334,22.959999084472656,20.799999237060547,21.440000534057617,39783688
2020-04-24,20.559999465942383,20.559999465942383,21.84000015258789,20.079999923706055,21.520000457763672,22760050
2020-04-27,17.520000457763672,17.520000457763672,18.399999618530273,17.040000915527344,18.399999618530273,33885000
2020-04-28,17.040000915527344,17.040000915527344,18.0,16.8799991607666,17.280000686645508,19476850
2020-04-29,18.0,18.0,18.219999313354492,17.459999084472656,18.010000228881836,23378600
2020-04-30,19.1200008392334,19.1200008392334,19.299999237060547,17.860000610351562,18.760000228881836,24001300
2020-05-01,18.860000610351562,18.860000610351562,19.18000030517578,18.420000076293945,19.1200008392334,13831100
2020-05-04,19.670000076293945,19.670000076293945,19.68000030517578,18.360000610351562,18.579999923706055,14044800
2020-05-05,21.510000228881836,21.510000228881836,21.790000915527344,20.739999771118164,20.760000228881836,20954800
2020-05-06,20.850000381469727,20.850000381469727,21.510000228881836,20.299999237060547,21.290000915527344,17295800
2020-05-07,20.469999313354492,20.469999313354492,21.90999984741211,20.270000457763672,21.8799991607666,12745400
2020-05-08,21.469999313354492,21.469999313354492,21.670000076293945,20.65999984741211,21.079999923706055,10472500
2020-05-11,21.170000076293945,21.170000076293945,21.600000381469727,20.760000228881836,21.530000686645508,10461600
2020-05-12,20.969999313354492,20.969999313354492,21.56999969482422,20.889999389648438,21.399999618530273,10138500
2020-05-13,20.600000381469727,20.600000381469727,21.309999465942383,20.299999237060547,21.049999237060547,10082900
2020-05-14,21.450000762939453,21.450000762939453,21.81999969482422,20.59000015258789,20.729999542236328,11539700
2020-05-15,22.389999389648438,22.389999389648438,22.610000610351562,21.68000030517578,21.950000762939453,11525000
2020-05-18,24.309999465942383,24.309999465942383,24.799999237060547,23.799999237060547,24.040000915527344,19664300
2020-05-19,24.440000534057617,24.440000534057617,24.709999084472656,24.040000915527344,24.469999313354492,9373400
2020-05-20,25.34000015258789,25.34000015258789,25.540000915527344,24.8799991607666,24.950000762939453,11752400
2020-05-21,26.600000381469727,26.600000381469727,27.489999771118164,25.8799991607666,26.5,21259800
2020-05-22,25.56999969482422,25.56999969482422,26.149999618530273,25.059999465942383,26.09000015258789,10614700
2020-05-26,25.65999984741211,25.65999984741211,25.989999771118164,25.329999923706055,25.93000030517578,12891300
2020-05-27,25.0,25.0,25.34000015258789,24.260000228881836,25.18000030517578,13839700
2020-05-28,25.030000686645508,25.030000686645508,25.579999923706055,24.549999237060547,24.84000015258789,8087000
2020-05-29,25.8799991607666,25.8799991607666,26.43000030517578,24.600000381469727,24.639999389648438,12731400
2020-06-01,26.219999313354492,26.219999313354492,26.469999313354492,25.559999465942383,25.719999313354492,8201000
2020-06-02,27.06999969482422,27.06999969482422,27.100000381469727,26.469999313354492,26.549999237060547,9131500
2020-06-03,27.1200008392334,27.1200008392334,27.530000686645508,26.649999618530273,27.170000076293945,11428000
2020-06-04,27.5,27.5,27.6200008392334,26.809999465942383,27.079999923706055,11377000
2020-06-05,28.8700008392334,28.8700008392334,29.190000534057617,28.3700008392334,28.59000015258789,11820600
2020-06-08,28.3700008392334,28.3700008392334,29.0,28.110000610351562,28.969999313354492,14161900
2020-06-09,28.420000076293945,28.420000076293945,28.549999237060547,27.68000030517578,28.06999969482422,10176400
2020-06-10,28.43000030517578,28.43000030517578,29.06999969482422,27.719999313354492,28.079999923706055,8303000
2020-06-11,26.360000610351562,26.360000610351562,27.170000076293945,25.940000534057617,26.799999237060547,22801300
2020-06-12,26.43000030517578,26.43000030517578,26.809999465942383,25.850000381469727,26.639999389648438,8885100
2020-06-15,26.979999542236328,26.979999542236328,27.06999969482422,25.360000610351562,25.469999313354492,8642100
2020-06-16,27.639999389648438,27.639999389648438,28.290000915527344,26.969999313354492,27.860000610351562,11803900
2020-06-17,27.280000686645508,27.280000686645508,27.75,27.170000076293945,27.469999313354492,7388800
2020-06-18,27.889999389648438,27.889999389648438,28.020000457763672,27.239999771118164,27.309999465942383,6278300
2020-06-19,28.229999542236328,28.229999542236328,28.860000610351562,27.540000915527344,28.65999984741211,13501000
2020-06-22,28.979999542236328,28.979999542236328,29.040000915527344,28.329999923706055,28.43000030517578,8862100
2020-06-23,28.719999313354492,28.719999313354492,29.420000076293945,28.59000015258789,29.299999237060547,7358700
2020-06-24,27.25,27.25,28.6200008392334,26.81999969482422,28.40999984741211,11101100
2020-06-25,27.940000534057617,27.940000534057617,28.049999237060547,27.09000015258789,27.18000030517578,8768600
2020-06-26,27.360000610351562,27.360000610351562,27.700000762939453,27.1200008392334,27.670000076293945,5255000
2020-06-29,28.270000457763672,28.270000457763672,28.469999313354492,27.6200008392334,27.809999465942383,6966500
2020-06-30,28.059999465942383,28.059999465942383,28.549999237060547,27.799999237060547,27.889999389648438,5840600
2020-07-01,28.350000381469727,28.350000381469727,28.510000228881836,27.93000030517578,28.299999237060547,6960400
2020-07-02,28.75,28.75,29.049999237060547,28.34000015258789,28.790000915527344,5545500
2020-07-06,28.959999084472656,28.959999084472656,29.260000228881836,28.770000457763672,28.790000915527344,6146000
2020-07-07,28.790000915527344,28.790000915527344,29.209999084472656,28.760000228881836,28.850000381469727,4674500
2020-07-08,29.18000030517578,29.18000030517578,29.290000915527344,28.84000015258789,29.030000686645508,4676500
2020-07-09,28.40999984741211,28.40999984741211,29.110000610351562,28.209999084472656,29.06999969482422,5602300
2020-07-10,29.030000686645508,29.030000686645508,29.170000076293945,28.40999984741211,28.479999542236328,5432400
2020-07-13,28.5,28.5,29.149999618530273,28.389999389648438,29.010000228881836,6540200
2020-07-14,28.8799991607666,28.8799991607666,29.079999923706055,28.15999984741211,28.229999542236328,5057500
2020-07-15,29.290000915527344,29.290000915527344,29.5,28.809999465942383,29.079999923706055,7041200
2020-07-16,29.15999984741211,29.15999984741211,29.43000030517578,29.030000686645508,29.18000030517578,3240400
2020-07-17,29.100000381469727,29.100000381469727,29.239999771118164,28.719999313354492,29.170000076293945,3570200
2020-07-20,29.1200008392334,29.1200008392334,29.25,28.59000015258789,28.899999618530273,3863800
2020-07-21,29.719999313354492,29.719999313354492,30.219999313354492,29.639999389648438,29.979999542236328,8338300
2020-07-22,29.75,29.75,29.889999389648438,29.360000610351562,29.440000534057617,3925800
2020-07-23,29.40999984741211,29.40999984741211,29.93000030517578,29.1200008392334,29.59000015258789,5925100
2020-07-24,29.440000534057617,29.440000534057617,29.510000228881836,29.059999465942383,29.3700008392334,4947500
2020-07-27,29.719999313354492,29.719999313354492,29.860000610351562,28.979999542236328,29.34000015258789,6268500
2020-07-28,29.350000381469727,29.350000381469727,29.540000915527344,29.270000457763672,29.459999084472656,4423700
2020-07-29,29.56999969482422,29.56999969482422,29.75,29.450000762939453,29.600000381469727,3114500
2020-07-30,28.93000030517578,28.93000030517578,29.010000228881836,27.899999618530273,28.989999771118164,10024400
2020-07-31,29.06999969482422,29.06999969482422,29.15999984741211,28.59000015258789,29.09000015258789,5026800
2020-08-03,29.34000015258789,29.34000015258789,29.649999618530273,29.030000686645508,29.149999618530273,5893900
2020-08-04,29.780000686645508,29.780000686645508,30.149999618530273,29.209999084472656,29.229999542236328,7706300
2020-08-05,30.229999542236328,30.229999542236328,31.020000457763672,30.149999618530273,30.84000015258789,9088300
2020-08-06,30.18000030517578,30.18000030517578,30.579999923706055,30.1200008392334,30.520000457763672,4339800
2020-08-07,29.850000381469727,29.850000381469727,29.920000076293945,29.579999923706055,29.889999389648438,4867900
2020-08-10,30.15999984741211,30.15999984741211,30.360000610351562,29.969999313354492,30.15999984741211,4234800
2020-08-11,29.81999969482422,29.81999969482422,30.65999984741211,29.81999969482422,30.600000381469727,5563600
2020-08-12,30.559999465942383,30.559999465942383,30.760000228881836,30.309999465942383,30.469999313354492,5305700
2020-08-13,30.399999618530273,30.399999618530273,30.65999984741211,30.260000228881836,30.479999542236328,3414100
2020-08-14,30.329999923706055,30.329999923706055,30.420000076293945,30.020000457763672,30.229999542236328,3792900
2020-08-17,30.770000457763672,30.770000457763672,30.850000381469727,30.219999313354492,30.239999771118164,4307900
2020-08-18,30.600000381469727,30.600000381469727,30.829999923706055,30.389999389648438,30.40999984741211,5589500
2020-08-19,30.65999984741211,30.65999984741211,30.81999969482422,30.40999984741211,30.59000015258789,3781500
2020-08-20,30.520000457763672,30.520000457763672,30.59000015258789,29.780000686645508,30.020000457763672,6112100
2020-08-21,30.18000030517578,30.18000030517578,30.239999771118164,29.639999389648438,30.0,6523300
2020-08-24,30.350000381469727,30.350000381469727,30.540000915527344,30.229999542236328,30.329999923706055,4511800
2020-08-25,30.920000076293945,30.920000076293945,31.020000457763672,30.59000015258789,30.969999313354492,5251900
2020-08-26,30.93000030517578,30.93000030517578,31.190000534057617,30.84000015258789,31.06999969482422,5402600
2020-08-27,30.670000076293945,30.670000076293945,30.899999618530273,30.270000457763672,30.889999389648438,4372600
2020-08-28,30.719999313354492,30.719999313354492,30.799999237060547,30.520000457763672,30.719999313354492,2437800
2020-08-31,30.579999923706055,30.579999923706055,30.899999618530273,30.389999389648438,30.899999618530273,3825200
2020-09-01,30.610000610351562,30.610000610351562,30.940000534057617,30.540000915527344,30.639999389648438,3902000
2020-09-02,29.860000610351562,29.860000610351562,30.600000381469727,29.59000015258789,30.579999923706055,7281600
2020-09-03,29.639999389648438,29.639999389648438,29.780000686645508,29.040000915527344,29.149999618530273,7999000
2020-09-04,28.510000228881836,28.510000228881836,29.450000762939453,28.399999618530273,29.420000076293945,7365900
2020-09-08,26.75,26.75,26.959999084472656,26.270000457763672,26.8799991607666,10546400
2020-09-09,27.40999984741211,27.40999984741211,27.690000534057617,26.709999084472656,26.84000015258789,5310500
2020-09-10,26.790000915527344,26.790000915527344,27.469999313354492,26.75,27.229999542236328,4856800
2020-09-11,27.040000915527344,27.040000915527344,27.270000457763672,26.729999542236328,26.920000076293945,3362000
2020-09-14,26.940000534057617,26.940000534057617,27.020000457763672,26.600000381469727,26.739999771118164,3311200
2020-09-15,27.520000457763672,27.520000457763672,27.700000762939453,26.959999084472656,27.059999465942383,3914100
2020-09-16,28.700000762939453,28.700000762939453,28.799999237060547,28.059999465942383,28.200000762939453,5785600
2020-09-17,29.229999542236328,29.229999542236328,29.389999389648438,28.43000030517578,28.56999969482422,4584300
2020-09-18,29.059999465942383,29.059999465942383,29.43000030517578,28.899999618530273,29.190000534057617,3058100
2020-09-21,28.290000915527344,28.290000915527344,28.760000228881836,27.65999984741211,28.670000076293945,5361800
2020-09-22,28.170000076293945,28.170000076293945,28.530000686645508,27.81999969482422,28.360000610351562,3020500
2020-09-23,28.030000686645508,28.030000686645508,28.84000015258789,28.0,28.350000381469727,5108100
2020-09-24,28.5,28.5,28.59000015258789,28.1299991607666,28.299999237060547,3418800
2020-09-25,28.350000381469727,28.350000381469727,28.559999465942383,28.170000076293945,28.299999237060547,2445200
2020-09-28,28.690000534057617,28.690000534057617,28.860000610351562,28.299999237060547,28.5,2428800
2020-09-29,27.700000762939453,27.700000762939453,28.31999969482422,27.280000686645508,28.309999465942383,5337100
2020-09-30,28.290000915527344,28.290000915527344,28.559999465942383,27.889999389648438,27.940000534057617,3445400
2020-10-01,27.510000228881836,27.510000228881836,27.860000610351562,26.770000457763672,27.760000228881836,6557100
2020-10-02,26.350000381469727,26.350000381469727,26.889999389648438,26.09000015258789,26.25,8583300
2020-10-05,27.93000030517578,27.93000030517578,28.15999984741211,27.440000534057617,27.579999923706055,7854900
2020-10-06,28.389999389648438,28.389999389648438,28.90999984741211,28.309999465942383,28.65999984741211,6288700
2020-10-07,28.389999389648438,28.389999389648438,28.40999984741211,27.889999389648438,28.15999984741211,5526200
2020-10-08,29.139999389648438,29.139999389648438,29.200000762939453,28.75,28.989999771118164,6567400
2020-10-09,28.690000534057617,28.690000534057617,29.25,28.59000015258789,28.989999771118164,4596400
2020-10-12,28.06999969482422,28.06999969482422,28.399999618530273,27.729999542236328,28.399999618530273,4553100
2020-10-13,28.459999084472656,28.459999084472656,28.649999618530273,28.270000457763672,28.459999084472656,3624000
2020-10-14,28.979999542236328,28.979999542236328,29.049999237060547,28.799999237060547,28.889999389648438,3190200
2020-10-15,28.940000534057617,28.940000534057617,28.950000762939453,28.010000228881836,28.06999969482422,5276500
2020-10-16,28.719999313354492,28.719999313354492,28.8700008392334,28.329999923706055,28.59000015258789,2516700
2020-10-19,28.59000015258789,28.59000015258789,29.010000228881836,28.59000015258789,28.829999923706055,2803000
2020-10-20,29.049999237060547,29.049999237060547,29.309999465942383,28.459999084472656,28.479999542236328,4391800
2020-10-21,28.100000381469727,28.100000381469727,28.780000686645508,27.93000030517578,28.610000610351562,5165700
2020-10-22,28.510000228881836,28.510000228881836,28.75,28.280000686645508,28.299999237060547,3235600
2020-10-23,27.8799991607666,27.8799991607666,28.559999465942383,27.780000686645508,28.549999237060547,3986200
2020-10-26,27.110000610351562,27.110000610351562,27.459999084472656,26.950000762939453,27.329999923706055,4646700
2020-10-27,27.690000534057617,27.690000534057617,27.950000762939453,27.229999542236328,27.309999465942383,3037200
2020-10-28,26.309999465942383,26.309999465942383,26.559999465942383,26.09000015258789,26.440000534057617,7011000
2020-10-29,25.600000381469727,25.600000381469727,25.739999771118164,24.75,24.920000076293945,8401400
2020-10-30,25.25,25.25,25.399999618530273,24.959999084472656,25.309999465942383,5424500
2020-11-02,26.260000228881836,26.260000228881836,26.290000915527344,25.139999389648438,25.15999984741211,5385100
2020-11-03,26.719999313354492,26.719999313354492,27.010000228881836,26.450000762939453,26.940000534057617,7241300
2020-11-04,27.440000534057617,27.440000534057617,27.6299991607666,26.690000534057617,27.1200008392334,5982500
2020-11-05,27.15999984741211,27.15999984741211,27.700000762939453,27.079999923706055,27.40999984741211,5115000
2020-11-06,26.469999313354492,26.469999313354492,26.8700008392334,26.200000762939453,26.829999923706055,5117700
2020-11-09,28.06999969482422,28.06999969482422,28.81999969482422,28.059999465942383,28.59000015258789,9840300
2020-11-10,28.90999984741211,28.90999984741211,28.969999313354492,28.469999313354492,28.65999984741211,6602400
2020-11-11,29.040000915527344,29.040000915527344,29.75,28.920000076293945,29.700000762939453,6376600
2020-11-12,28.65999984741211,28.65999984741211,29.440000534057617,28.6200008392334,29.209999084472656,6070900
2020-11-13,28.1299991607666,28.1299991607666,28.56999969482422,28.059999465942383,28.520000457763672,4367600
2020-11-16,28.809999465942383,28.809999465942383,29.170000076293945,28.65999984741211,29.1200008392334,4576600
2020-11-17,28.8700008392334,28.8700008392334,29.020000457763672,28.479999542236328,28.56999969482422,3613700
2020-11-18,29.0,29.0,29.360000610351562,28.959999084472656,29.06999969482422,4112100
2020-11-19,29.09000015258789,29.09000015258789,29.139999389648438,28.75,28.93000030517578,2934300
2020-11-20,29.270000457763672,29.270000457763672,29.360000610351562,28.920000076293945,28.93000030517578,4907100
2020-11-23,29.520000457763672,29.520000457763672,29.719999313354492,29.40999984741211,29.579999923706055,4398000
2020-11-24,30.799999237060547,30.799999237060547,31.030000686645508,30.209999084472656,30.229999542236328,9091700
2020-11-25,31.3700008392334,31.3700008392334,31.68000030517578,31.020000457763672,31.299999237060547,5865600
2020-11-27,31.219999313354492,31.219999313354492,31.360000610351562,31.030000686645508,31.1200008392334,2904900
2020-11-30,30.969999313354492,30.969999313354492,31.290000915527344,30.68000030517578,31.1200008392334,6778500
2020-12-01,30.6200008392334,30.6200008392334,30.959999084472656,30.34000015258789,30.920000076293945,4536800
2020-12-02,30.969999313354492,30.969999313354492,31.43000030517578,30.579999923706055,30.579999923706055,7064300
2020-12-03,31.25,31.25,31.360000610351562,30.809999465942383,30.889999389648438,5559700
2020-12-04,31.559999465942383,31.559999465942383,31.739999771118164,31.280000686645508,31.309999465942383,6930200
2020-12-07,31.399999618530273,31.399999618530273,31.8700008392334,31.309999465942383,31.440000534057617,4785400
2020-12-08,31.40999984741211,31.40999984741211,31.469999313354492,31.040000915527344,31.219999313354492,3786000
2020-12-09,31.34000015258789,31.34000015258789,31.65999984741211,30.899999618530273,31.549999237060547,7632800
2020-12-10,32.11000061035156,32.11000061035156,32.650001525878906,31.829999923706055,31.84000015258789,7572000
2020-12-11,31.940000534057617,31.940000534057617,32.130001068115234,31.770000457763672,32.029998779296875,3394000
2020-12-14,32.16999816894531,32.16999816894531,32.22999954223633,31.3700008392334,32.13999938964844,4877200
2020-12-15,32.540000915527344,32.540000915527344,32.619998931884766,32.25,32.31999969482422,3503300
2020-12-16,32.7400016784668,32.7400016784668,32.810001373291016,32.31999969482422,32.54999923706055,4349300
2020-12-17,33.15999984741211,33.15999984741211,33.22999954223633,32.91999816894531,33.0099983215332,4534000
2020-12-18,33.47999954223633,33.47999954223633,33.66999816894531,33.2599983215332,33.33000183105469,4759000
2020-12-21,32.63999938964844,32.63999938964844,32.84000015258789,32.119998931884766,32.18000030517578,6144300
2020-12-22,32.09000015258789,32.09000015258789,32.470001220703125,32.0,32.279998779296875,3749600
2020-12-23,32.75,32.75,33.08000183105469,32.33000183105469,32.33000183105469,5077500
2020-12-24,32.91999816894531,32.91999816894531,32.91999816894531,32.56999969482422,32.65999984741211,1694300
2020-12-28,32.59000015258789,32.59000015258789,33.04999923706055,32.5099983215332,32.880001068115234,4917500
2020-12-29,32.779998779296875,32.779998779296875,32.9900016784668,32.65999984741211,32.95000076293945,3631000
2020-12-30,32.90999984741211,32.90999984741211,33.220001220703125,32.54999923706055,32.58000183105469,4840000
2020-12-31,33.0099983215332,33.0099983215332,33.099998474121094,32.630001068115234,32.72999954223633,4424600
2021-01-04,32.380001068115234,32.380001068115234,33.290000915527344,32.2400016784668,33.0,14340200
2021-01-05,33.939998626708984,33.939998626708984,34.119998931884766,33.380001068115234,33.380001068115234,13616800
2021-01-06,34.11000061035156,34.11000061035156,34.470001220703125,33.560001373291016,33.939998626708984,7461100
2021-01-07,34.529998779296875,34.529998779296875,34.59000015258789,34.290000915527344,34.349998474121094,4103100
2021-01-08,35.43000030517578,35.43000030517578,35.5,34.75,34.93000030517578,7554600
2021-01-11,35.2599983215332,35.2599983215332,35.40999984741211,34.810001373291016,34.880001068115234,5100500
2021-01-12,35.900001525878906,35.900001525878906,36.0099983215332,35.56999969482422,35.650001525878906,4185800
2021-01-13,35.79999923706055,35.79999923706055,36.099998474121094,35.599998474121094,35.77000045776367,4457000
2021-01-14,36.2400016784668,36.2400016784668,36.31999969482422,35.61000061035156,35.70000076293945,5175000
2021-01-15,35.34000015258789,35.34000015258789,35.81999969482422,35.130001068115234,35.720001220703125,5492200
2021-01-19,35.75,35.75,35.88999938964844,35.529998779296875,35.709999084472656,3804300
2021-01-20,35.790000915527344,35.790000915527344,36.20000076293945,35.689998626708984,36.13999938964844,3222600
2021-01-21,35.7599983215332,35.7599983215332,36.0,35.63999938964844,35.81999969482422,3010300
2021-01-22,35.22999954223633,35.22999954223633,35.619998931884766,34.90999984741211,34.959999084472656,4673300
2021-01-25,35.59000015258789,35.59000015258789,35.65999984741211,35.029998779296875,35.11000061035156,4134500
2021-01-26,35.45000076293945,35.45000076293945,35.79999923706055,35.380001068115234,35.689998626708984,2628100
2021-01-27,35.5,35.5,35.93000030517578,35.02000045776367,35.40999984741211,4918800
2021-01-28,35.25,35.25,36.0099983215332,35.220001220703125,35.91999816894531,5409000
2021-01-29,35.18000030517578,35.18000030517578,35.77000045776367,35.11000061035156,35.63999938964844,3916100
2021-02-01,36.119998931884766,36.119998931884766,36.18000030517578,35.25,35.77000045776367,6051400
2021-02-02,36.81999969482422,36.81999969482422,37.04999923706055,36.720001220703125,36.970001220703125,6274700
2021-02-03,37.439998626708984,37.439998626708984,37.779998779296875,37.189998626708984,37.189998626708984,6804100
2021-02-04,37.810001373291016,37.810001373291016,37.95000076293945,37.20000076293945,37.61000061035156,5033700
2021-02-05,38.189998626708984,38.189998626708984,38.400001525878906,37.95000076293945,38.33000183105469,4379100
2021-02-08,38.939998626708984,38.939998626708984,38.97999954223633,38.470001220703125,38.470001220703125,4216200
2021-02-09,39.16999816894531,39.16999816894531,39.209999084472656,38.52000045776367,38.70000076293945,4904300
2021-02-10,39.279998779296875,39.279998779296875,39.470001220703125,39.0099983215332,39.2400016784668,5053600
2021-02-11,38.970001220703125,38.970001220703125,39.380001068115234,38.869998931884766,39.31999969482422,3738000
2021-02-12,39.939998626708984,39.939998626708984,40.06999969482422,39.0099983215332,39.0099983215332,5785100
2021-02-16,40.45000076293945,40.45000076293945,40.470001220703125,40.04999923706055,40.189998626708984,5467400
2021-02-17,40.88999938964844,40.88999938964844,40.959999084472656,40.130001068115234,40.27000045776367,7391500
2021-02-18,40.27000045776367,40.27000045776367,41.130001068115234,40.11000061035156,41.09000015258789,6708600
2021-02-19,39.68000030517578,39.68000030517578,40.4900016784668,39.54999923706055,40.2599983215332,5537500
2021-02-22,41.279998779296875,41.279998779296875,41.41999816894531,40.54999923706055,40.54999923706055,5814300
2021-02-23,41.619998931884766,41.619998931884766,41.72999954223633,40.7400016784668,41.150001525878906,5638200
2021-02-24,42.5,42.5,42.56999969482422,41.790000915527344,41.880001068115234,6504700
2021-02-25,42.459999084472656,42.459999084472656,42.77000045776367,42.150001525878906,42.31999969482422,4515200
2021-02-26,41.310001373291016,41.310001373291016,42.13999938964844,41.119998931884766,42.119998931884766,5913100
2021-03-01,40.599998474121094,40.599998474121094,41.61000061035156,40.310001373291016,41.29999923706055,6956000
2021-03-02,40.06999969482422,40.06999969482422,41.06999969482422,40.06999969482422,40.95000076293945,8272200
2021-03-03,41.13999938964844,41.13999938964844,41.650001525878906,40.54999923706055,40.880001068115234,4764400
2021-03-04,43.06999969482422,43.06999969482422,43.459999084472656,41.5,41.869998931884766,11815300
2021-03-05,44.439998626708984,44.439998626708984,44.5099983215332,43.90999984741211,44.08000183105469,7883300
2021-03-08,43.5,43.5,44.2400016784668,43.43000030517578,44.119998931884766,5083900
2021-03-09,43.11000061035156,43.11000061035156,43.81999969482422,43.06999969482422,43.72999954223633,5503200
2021-03-10,43.7400016784668,43.7400016784668,43.810001373291016,42.790000915527344,43.279998779296875,5733300
2021-03-11,44.599998474121094,44.599998474121094,44.63999938964844,43.709999084472656,43.90999984741211,6588700
2021-03-12,44.349998474121094,44.349998474121094,44.630001068115234,44.22999954223633,44.36000061035156,4643200
2021-03-15,44.2599983215332,44.2599983215332,44.34000015258789,43.459999084472656,43.900001525878906,5710000
2021-03-16,43.83000183105469,43.83000183105469,44.099998474121094,43.31999969482422,43.56999969482422,4932400
2021-03-17,43.81999969482422,43.81999969482422,43.93000030517578,43.2400016784668,43.689998626708984,5837900
2021-03-18,40.470001220703125,40.470001220703125,43.060001373291016,39.709999084472656,42.9900016784668,18801800
2021-03-19,41.77000045776367,41.77000045776367,41.9900016784668,40.2599983215332,40.83000183105469,6430000
2021-03-22,41.709999084472656,41.709999084472656,42.18000030517578,41.59000015258789,41.970001220703125,4162300
2021-03-23,39.369998931884766,39.369998931884766,40.90999984741211,39.27000045776367,40.290000915527344,12356900
2021-03-24,41.45000076293945,41.45000076293945,41.83000183105469,40.529998779296875,40.689998626708984,11330200
2021-03-25,39.88999938964844,39.88999938964844,40.619998931884766,39.310001373291016,40.470001220703125,9477000
2021-03-26,41.529998779296875,41.529998779296875,41.83000183105469,41.25,41.380001068115234,10091000
2021-03-29,41.91999816894531,41.91999816894531,41.959999084472656,40.95000076293945,41.22999954223633,6376300
2021-03-30,41.16999816894531,41.16999816894531,41.65999984741211,41.040000915527344,41.15999984741211,4151600
2021-03-31,40.529998779296875,40.529998779296875,41.70000076293945,40.220001220703125,40.9900016784668,6368600
2021-04-01,41.84000015258789,41.84000015258789,42.18000030517578,40.29999923706055,41.470001220703125,11598400
2021-04-05,40.279998779296875,40.279998779296875,41.2599983215332,39.52000045776367,41.209999084472656,9801000
2021-04-06,40.70000076293945,40.70000076293945,41.689998626708984,40.58000183105469,41.15999984741211,6734200
2021-04-07,40.86000061035156,40.86000061035156,41.04999923706055,39.90999984741211,40.540000915527344,9987600
2021-04-08,40.81999969482422,40.81999969482422,40.93000030517578,40.27000045776367,40.63999938964844,4288200
2021-04-09,40.63999938964844,40.63999938964844,40.869998931884766,40.47999954223633,40.619998931884766,3705600
2021-04-12,40.900001525878906,40.900001525878906,41.56999969482422,40.77000045776367,41.279998779296875,5998400
2021-04-13,41.400001525878906,41.400001525878906,41.47999954223633,41.150001525878906,41.33000183105469,5063600
2021-04-14,43.040000915527344,43.040000915527344,43.38999938964844,42.0099983215332,42.150001525878906,9353500
2021-04-15,43.27000045776367,43.27000045776367,43.439998626708984,42.880001068115234,43.060001373291016,4391600
2021-04-16,43.18000030517578,43.18000030517578,43.380001068115234,42.97999954223633,43.34000015258789,4680000
2021-04-19,43.31999969482422,43.31999969482422,43.4900016784668,43.04999923706055,43.220001220703125,3324500
2021-04-20,42.7400016784668,42.7400016784668,43.41999816894531,42.040000915527344,43.349998474121094,6415200
2021-04-21,41.77000045776367,41.77000045776367,42.54999923706055,41.720001220703125,41.790000915527344,5800300
2021-04-22,42.09000015258789,42.09000015258789,42.2599983215332,41.599998474121094,42.2400016784668,3278100
2021-04-23,42.459999084472656,42.459999084472656,42.61000061035156,41.849998474121094,41.90999984741211,4206300
2021-04-26,42.33000183105469,42.33000183105469,42.52000045776367,41.7400016784668,41.779998779296875,3150900
2021-04-27,43.11000061035156,43.11000061035156,43.189998626708984,42.47999954223633,42.65999984741211,3454400
2021-04-28,43.529998779296875,43.529998779296875,43.970001220703125,43.36000061035156,43.439998626708984,5500900
2021-04-29,44.2599983215332,44.2599983215332,44.61000061035156,43.84000015258789,44.470001220703125,5920400
2021-04-30,43.27000045776367,43.27000045776367,43.54999923706055,43.04999923706055,43.380001068115234,5007000
2021-05-03,43.97999954223633,43.97999954223633,44.09000015258789,43.54999923706055,43.560001373291016,3309500
2021-05-04,44.869998931884766,44.869998931884766,44.90999984741211,44.33000183105469,44.7400016784668,5357600
2021-05-05,44.65999984741211,44.65999984741211,45.540000915527344,44.38999938964844,45.22999954223633,6912400
2021-05-06,44.40999984741211,44.40999984741211,44.81999969482422,44.150001525878906,44.79999923706055,6635600
2021-05-07,44.43000030517578,44.43000030517578,44.630001068115234,43.90999984741211,44.060001373291016,4252900
2021-05-10,44.47999954223633,44.47999954223633,44.90999984741211,43.900001525878906,44.849998474121094,4391900
2021-05-11,44.869998931884766,44.869998931884766,44.93000030517578,43.91999816894531,43.91999816894531,6925400
2021-05-12,45.220001220703125,45.220001220703125,45.70000076293945,45.099998474121094,45.130001068115234,6838000
2021-05-13,43.810001373291016,43.810001373291016,44.47999954223633,43.349998474121094,43.97999954223633,7610000
2021-05-14,44.709999084472656,44.709999084472656,44.790000915527344,44.34000015258789,44.439998626708984,5058400
2021-05-17,45.38999938964844,45.38999938964844,45.40999984741211,44.86000061035156,44.880001068115234,3831000
2021-05-18,44.84000015258789,44.84000015258789,45.38999938964844,43.939998626708984,45.130001068115234,9166100
2021-05-19,43.43000030517578,43.43000030517578,43.70000076293945,42.529998779296875,43.70000076293945,9180000
2021-05-20,42.47999954223633,42.47999954223633,43.31999969482422,42.31999969482422,43.2400016784668,5320000
2021-05-21,43.70000076293945,43.70000076293945,43.79999923706055,43.369998931884766,43.5,4204900
2021-05-24,45.02000045776367,45.02000045776367,45.150001525878906,44.11000061035156,44.279998779296875,5146000
2021-05-25,44.91999816894531,44.91999816894531,45.310001373291016,44.779998779296875,45.06999969482422,3602800
2021-05-26,45.20000076293945,45.20000076293945,45.29999923706055,44.63999938964844,44.7400016784668,3817100
2021-05-27,45.54999923706055,45.54999923706055,45.63999938964844,45.04999923706055,45.189998626708984,3193000
2021-05-28,45.41999816894531,45.41999816894531,45.93000030517578,45.18000030517578,45.81999969482422,4847100
2021-06-01,46.33000183105469,46.33000183105469,46.939998626708984,45.970001220703125,46.58000183105469,6374900
2021-06-02,46.900001525878906,46.900001525878906,47.029998779296875,46.36000061035156,46.560001373291016,3682400
2021-06-03,46.970001220703125,46.970001220703125,47.150001525878906,46.5099983215332,47.099998474121094,3378700
2021-06-04,47.2599983215332,47.2599983215332,47.4900016784668,47.0099983215332,47.45000076293945,3654400
2021-06-07,47.27000045776367,47.27000045776367,47.540000915527344,47.06999969482422,47.34000015258789,3871200
2021-06-08,47.880001068115234,47.880001068115234,47.900001525878906,46.79999923706055,47.08000183105469,5129100
2021-06-09,47.58000183105469,47.58000183105469,48.099998474121094,47.41999816894531,47.95000076293945,4609200
2021-06-10,47.83000183105469,47.83000183105469,48.15999984741211,46.900001525878906,47.9900016784668,8677300
2021-06-11,48.06999969482422,48.06999969482422,48.25,47.88999938964844,47.93000030517578,4385300
2021-06-14,48.31999969482422,48.31999969482422,48.61000061035156,48.08000183105469,48.400001525878906,4764900
2021-06-15,48.97999954223633,48.97999954223633,49.0099983215332,48.630001068115234,48.68000030517578,4356400
2021-06-16,48.75,48.75,49.459999084472656,48.75,48.86000061035156,6152600
2021-06-17,48.040000915527344,48.040000915527344,49.0,47.33000183105469,48.91999816894531,11054200
2021-06-18,48.36000061035156,48.36000061035156,48.65999984741211,47.84000015258789,47.849998474121094,6247600
2021-06-21,49.36000061035156,49.36000061035156,49.40999984741211,48.33000183105469,48.400001525878906,8816200
2021-06-22,49.41999816894531,49.41999816894531,49.619998931884766,49.13999938964844,49.29999923706055,3734400
2021-06-23,49.720001220703125,49.720001220703125,50.25,49.58000183105469,50.09000015258789,4732700
2021-06-24,49.84000015258789,49.84000015258789,49.90999984741211,49.349998474121094,49.40999984741211,5415100
2021-06-25,50.25,50.25,50.33000183105469,49.4900016784668,50.029998779296875,5274000
2021-06-28,49.540000915527344,49.540000915527344,50.06999969482422,49.38999938964844,50.06999969482422,4247100
2021-06-29,49.88999938964844,49.88999938964844,50.13999938964844,49.47999954223633,49.939998626708984,3032300
2021-06-30,49.880001068115234,49.880001068115234,50.369998931884766,49.619998931884766,49.91999816894531,2849000
2021-07-01,50.619998931884766,50.619998931884766,51.400001525878906,50.41999816894531,51.209999084472656,4757500
2021-07-02,50.93000030517578,50.93000030517578,51.060001373291016,50.310001373291016,50.5,4438300
2021-07-06,49.900001525878906,49.900001525878906,50.70000076293945,49.31999969482422,50.619998931884766,10848100
2021-07-07,48.65999984741211,48.65999984741211,50.150001525878906,48.220001220703125,49.849998474121094,10566400
2021-07-08,49.52000045776367,49.52000045776367,49.540000915527344,48.31999969482422,48.709999084472656,6350400
2021-07-09,50.40999984741211,50.40999984741211,50.540000915527344,49.959999084472656,50.0,4279000
2021-07-12,50.310001373291016,50.310001373291016,50.380001068115234,49.619998931884766,49.939998626708984,2504700
2021-07-13,51.150001525878906,51.150001525878906,51.279998779296875,50.2599983215332,50.5099983215332,4387200
2021-07-14,49.70000076293945,49.70000076293945,51.18000030517578,49.279998779296875,51.130001068115234,6735300
2021-07-15,49.040000915527344,49.040000915527344,49.75,48.9900016784668,49.130001068115234,3927600
2021-07-16,49.13999938964844,49.13999938964844,49.560001373291016,48.380001068115234,49.400001525878906,4517900
2021-07-19,45.84000015258789,45.84000015258789,47.63999938964844,45.349998474121094,47.619998931884766,8948900
2021-07-20,46.5099983215332,46.5099983215332,46.61000061035156,45.02000045776367,45.63999938964844,4781100
2021-07-21,48.27000045776367,48.27000045776367,48.459999084472656,47.36000061035156,47.36000061035156,6502600
2021-07-22,49.16999816894531,49.16999816894531,49.41999816894531,48.34000015258789,48.68000030517578,4516700
2021-07-23,49.470001220703125,49.470001220703125,49.529998779296875,49.029998779296875,49.25,2741300
2021-07-26,49.66999816894531,49.66999816894531,49.709999084472656,49.0099983215332,49.2599983215332,2857400
2021-07-27,49.470001220703125,49.470001220703125,49.709999084472656,49.040000915527344,49.58000183105469,2654800
2021-07-28,49.720001220703125,49.720001220703125,49.970001220703125,49.45000076293945,49.630001068115234,3104400
2021-07-29,50.63999938964844,50.63999938964844,50.689998626708984,50.06999969482422,50.18000030517578,2657900
2021-07-30,50.65999984741211,50.65999984741211,51.02000045776367,50.439998626708984,50.70000076293945,3605700
2021-08-02,49.18000030517578,49.18000030517578,50.43000030517578,48.630001068115234,50.349998474121094,5876500
2021-08-03,48.849998474121094,48.849998474121094,48.93000030517578,47.869998931884766,48.11000061035156,8234700
2021-08-04,47.20000076293945,47.20000076293945,48.13999938964844,47.18000030517578,47.540000915527344,6803000
2021-08-05,48.099998474121094,48.099998474121094,48.15999984741211,47.34000015258789,47.34000015258789,3124300
2021-08-06,47.56999969482422,47.56999969482422,48.5099983215332,47.349998474121094,48.41999816894531,5245000
2021-08-09,46.599998474121094,46.599998474121094,46.70000076293945,45.849998474121094,46.470001220703125,5248000
2021-08-10,47.68000030517578,47.68000030517578,48.0099983215332,46.93000030517578,46.970001220703125,4148700
2021-08-11,48.29999923706055,48.29999923706055,48.34000015258789,46.90999984741211,47.20000076293945,5227000
2021-08-12,48.099998474121094,48.099998474121094,48.349998474121094,47.720001220703125,48.15999984741211,2808600
2021-08-13,47.43000030517578,47.43000030517578,48.22999954223633,47.31999969482422,48.11000061035156,3401700
2021-08-16,47.040000915527344,47.040000915527344,47.279998779296875,45.939998626708984,46.380001068115234,4733700
2021-08-17,46.58000183105469,46.58000183105469,47.20000076293945,46.33000183105469,46.65999984741211,3086100
2021-08-18,45.400001525878906,45.400001525878906,46.84000015258789,45.290000915527344,46.72999954223633,5795500
2021-08-19,44.77000045776367,44.77000045776367,44.88999938964844,43.79999923706055,44.290000915527344,6017300
2021-08-20,43.43000030517578,43.43000030517578,44.310001373291016,43.41999816894531,43.900001525878906,4596600
2021-08-23,45.849998474121094,45.849998474121094,46.18000030517578,45.34000015258789,45.349998474121094,4578600
2021-08-24,47.369998931884766,47.369998931884766,47.470001220703125,46.61000061035156,46.66999816894531,4881900
2021-08-25,47.810001373291016,47.810001373291016,48.0,47.099998474121094,47.33000183105469,4801300
2021-08-26,47.47999954223633,47.47999954223633,47.79999923706055,46.95000076293945,47.2400016784668,4904400
2021-08-27,48.150001525878906,48.150001525878906,48.279998779296875,47.91999816894531,48.02000045776367,4109900
2021-08-30,48.400001525878906,48.400001525878906,48.59000015258789,47.86000061035156,48.150001525878906,3661500
2021-08-31,48.040000915527344,48.040000915527344,48.4900016784668,47.959999084472656,48.18000030517578,4069700
2021-09-01,47.93000030517578,47.93000030517578,48.2400016784668,47.20000076293945,47.36000061035156,8122400
2021-09-02,48.95000076293945,48.95000076293945,49.52000045776367,48.93000030517578,49.0099983215332,6151400
2021-09-03,48.65999984741211,48.65999984741211,49.2599983215332,48.599998474121094,48.970001220703125,5343600
2021-09-07,48.040000915527344,48.040000915527344,48.369998931884766,47.72999954223633,47.93000030517578,3771400
2021-09-08,48.59000015258789,48.59000015258789,48.88999938964844,48.31999969482422,48.880001068115234,4176500
2021-09-09,47.75,47.75,48.869998931884766,47.45000076293945,47.81999969482422,7491000
2021-09-10,48.79999923706055,48.79999923706055,49.040000915527344,48.66999816894531,49.0,3994500
2021-09-13,49.47999954223633,49.47999954223633,49.70000076293945,49.15999984741211,49.400001525878906,3264000
2021-09-14,49.310001373291016,49.310001373291016,49.79999923706055,49.04999923706055,49.779998779296875,2952400
2021-09-15,50.689998626708984,50.689998626708984,51.06999969482422,50.439998626708984,50.45000076293945,5718000
2021-09-16,50.70000076293945,50.70000076293945,50.84000015258789,50.0,50.54999923706055,2729200
2021-09-17,50.31999969482422,50.31999969482422,50.45000076293945,49.849998474121094,50.20000076293945,4635000
2021-09-20,49.599998474121094,49.599998474121094,49.81999969482422,48.88999938964844,49.56999969482422,4460900
2021-09-21,49.58000183105469,49.58000183105469,49.689998626708984,48.7400016784668,49.61000061035156,3450100
2021-09-22,50.47999954223633,50.47999954223633,50.720001220703125,50.09000015258789,50.2599983215332,2938800
2021-09-23,51.380001068115234,51.380001068115234,51.4900016784668,50.720001220703125,50.7599983215332,3030500
2021-09-24,51.81999969482422,51.81999969482422,52.0,51.2599983215332,51.290000915527344,2591100
2021-09-27,52.90999984741211,52.90999984741211,53.08000183105469,52.630001068115234,52.84000015258789,4389400
2021-09-28,52.400001525878906,52.400001525878906,53.52000045776367,52.18000030517578,53.459999084472656,5253600
2021-09-29,52.31999969482422,52.31999969482422,53.099998474121094,52.2400016784668,52.560001373291016,4428900
2021-09-30,52.560001373291016,52.560001373291016,53.36000061035156,51.380001068115234,51.70000076293945,12376500
2021-10-01,53.2599983215332,53.2599983215332,53.38999938964844,52.34000015258789,52.619998931884766,4791400
2021-10-04,54.4900016784668,54.4900016784668,55.04999923706055,54.06999969482422,54.06999969482422,6919200
2021-10-05,55.630001068115234,55.630001068115234,55.72999954223633,55.15999984741211,55.27000045776367,5824100
2021-10-06,54.15999984741211,54.15999984741211,54.790000915527344,53.97999954223633,54.77000045776367,7943700
2021-10-07,55.36000061035156,55.36000061035156,55.36000061035156,53.7400016784668,54.02000045776367,6956400
2021-10-08,55.470001220703125,55.470001220703125,56.029998779296875,55.060001373291016,55.720001220703125,5639800
2021-10-11,56.18000030517578,56.18000030517578,56.689998626708984,56.130001068115234,56.40999984741211,3831700
2021-10-12,56.11000061035156,56.11000061035156,56.720001220703125,55.83000183105469,56.31999969482422,5368000
2021-10-13,56.15999984741211,56.15999984741211,56.45000076293945,55.38999938964844,55.630001068115234,2840700
2021-10-14,56.810001373291016,56.810001373291016,56.849998474121094,56.150001525878906,56.650001525878906,3403400
2021-10-15,57.150001525878906,57.150001525878906,57.45000076293945,56.869998931884766,57.25,3622200
2021-10-18,56.959999084472656,56.959999084472656,57.91999816894531,56.790000915527344,57.72999954223633,4094100
2021-10-19,57.41999816894531,57.41999816894531,57.880001068115234,56.70000076293945,56.900001525878906,4098800
2021-10-20,58.119998931884766,58.119998931884766,58.189998626708984,56.869998931884766,57.0,6032000
2021-10-21,57.40999984741211,57.40999984741211,57.810001373291016,56.34000015258789,57.58000183105469,4738800
2021-10-22,58.029998779296875,58.029998779296875,58.040000915527344,57.209999084472656,57.7400016784668,3350200
2021-10-25,57.83000183105469,57.83000183105469,58.689998626708984,57.779998779296875,58.41999816894531,5180200
2021-10-26,58.45000076293945,58.45000076293945,58.619998931884766,57.869998931884766,58.08000183105469,3509200
2021-10-27,56.900001525878906,56.900001525878906,58.16999816894531,56.880001068115234,57.63999938964844,6731400
2021-10-28,57.400001525878906,57.400001525878906,57.41999816894531,56.380001068115234,56.849998474121094,5412000
2021-10-29,57.150001525878906,57.150001525878906,57.38999938964844,56.400001525878906,56.790000915527344,5320600
2021-11-01,57.529998779296875,57.529998779296875,58.040000915527344,57.459999084472656,57.90999984741211,2787600
2021-11-02,57.529998779296875,57.529998779296875,57.7599983215332,57.09000015258789,57.310001373291016,2953900
2021-11-03,55.34000015258789,55.34000015258789,56.58000183105469,55.209999084472656,56.15999984741211,7707600
2021-11-04,54.91999816894531,54.91999816894531,57.400001525878906,54.529998779296875,57.310001373291016,9145500
2021-11-05,56.54999923706055,56.54999923706055,56.7400016784668,55.150001525878906,55.650001525878906,4738500
2021-11-08,57.09000015258789,57.09000015258789,57.130001068115234,56.560001373291016,56.58000183105469,3037600
2021-11-09,57.970001220703125,57.970001220703125,58.029998779296875,56.970001220703125,57.209999084472656,5106600
2021-11-10,56.31999969482422,56.31999969482422,58.0099983215332,55.95000076293945,57.790000915527344,5134400
2021-11-11,56.220001220703125,56.220001220703125,56.849998474121094,55.81999969482422,56.439998626708984,5376300
2021-11-12,55.97999954223633,55.97999954223633,56.349998474121094,55.650001525878906,55.810001373291016,5869800
2021-11-15,56.06999969482422,56.06999969482422,56.13999938964844,55.18000030517578,55.38999938964844,4955300
2021-11-16,56.20000076293945,56.20000076293945,56.5,55.68000030517578,56.0,4190100
2021-11-17,55.0,55.0,55.90999984741211,54.459999084472656,55.86000061035156,7492900
2021-11-18,55.54999923706055,55.54999923706055,55.77000045776367,54.84000015258789,55.369998931884766,4623700
2021-11-19,53.779998779296875,53.779998779296875,54.93000030517578,53.52000045776367,54.84000015258789,6388900
2021-11-22,54.45000076293945,54.45000076293945,54.90999984741211,53.90999984741211,53.9900016784668,7353500
2021-11-23,56.20000076293945,56.20000076293945,56.27000045776367,55.439998626708984,55.45000076293945,5877400
2021-11-24,55.880001068115234,55.880001068115234,56.380001068115234,55.779998779296875,55.810001373291016,4109000
2021-11-26,49.630001068115234,49.630001068115234,52.380001068115234,48.560001373291016,52.33000183105469,18765600
2021-11-29,50.16999816894531,50.16999816894531,52.16999816894531,49.63999938964844,51.970001220703125,13571400
2021-11-30,47.90999984741211,47.90999984741211,49.11000061035156,46.470001220703125,48.619998931884766,21152500
2021-12-01,47.040000915527344,47.040000915527344,49.52000045776367,46.869998931884766,49.09000015258789,12413700
2021-12-02,48.290000915527344,48.290000915527344,48.599998474121094,46.15999984741211,46.529998779296875,14552000
2021-12-03,48.0,48.0,49.93000030517578,47.54999923706055,49.70000076293945,10857300
2021-12-06,50.5099983215332,50.5099983215332,50.720001220703125,48.77000045776367,49.04999923706055,8107500
2021-12-07,51.59000015258789,51.59000015258789,52.560001373291016,51.31999969482422,51.31999969482422,9476800
2021-12-08,52.41999816894531,52.41999816894531,52.65999984741211,51.709999084472656,51.77000045776367,5778000
2021-12-09,51.02000045776367,51.02000045776367,52.06999969482422,50.970001220703125,51.91999816894531,5814100
2021-12-10,52.029998779296875,52.029998779296875,52.099998474121094,51.31999969482422,51.720001220703125,6199000
2021-12-13,51.439998626708984,51.439998626708984,52.099998474121094,51.20000076293945,51.54999923706055,6370000
2021-12-14,50.91999816894531,50.91999816894531,51.22999954223633,50.31999969482422,50.779998779296875,4796200
2021-12-15,51.619998931884766,51.619998931884766,51.689998626708984,50.2400016784668,50.63999938964844,5326100
2021-12-16,51.869998931884766,51.869998931884766,52.459999084472656,51.290000915527344,51.56999969482422,4873300
2021-12-17,50.779998779296875,50.779998779296875,51.43000030517578,50.369998931884766,51.290000915527344,5796800
2021-12-20,49.900001525878906,49.900001525878906,49.97999954223633,47.959999084472656,49.029998779296875,8896700
2021-12-21,51.56999969482422,51.56999969482422,51.61000061035156,50.59000015258789,50.900001525878906,4867600
2021-12-22,52.47999954223633,52.47999954223633,52.52000045776367,51.25,51.41999816894531,5877200
2021-12-23,53.130001068115234,53.130001068115234,53.2400016784668,52.349998474121094,52.47999954223633,3662700
2021-12-27,54.52000045776367,54.52000045776367,54.650001525878906,52.810001373291016,52.97999954223633,4326300
2021-12-28,54.66999816894531,54.66999816894531,55.13999938964844,54.540000915527344,54.83000183105469,2862300
2021-12-29,55.08000183105469,55.08000183105469,55.66999816894531,54.36000061035156,54.47999954223633,3933400
2021-12-30,55.099998474121094,55.099998474121094,55.72999954223633,55.029998779296875,55.31999969482422,3649000
2021-12-31,54.36000061035156,54.36000061035156,55.16999816894531,54.040000915527344,54.88999938964844,2497900
2022-01-03,54.83000183105469,54.83000183105469,55.15999984741211,53.939998626708984,53.970001220703125,5602900
2022-01-04,55.59000015258789,55.59000015258789,56.04999923706055,55.25,55.310001373291016,4857000
2022-01-05,55.43000030517578,55.43000030517578,56.47999954223633,55.43000030517578,56.15999984741211,5043500
2022-01-06,56.88999938964844,56.88999938964844,57.310001373291016,56.650001525878906,57.099998474121094,4954400
2022-01-07,56.66999816894531,56.66999816894531,57.040000915527344,56.369998931884766,56.900001525878906,6023600
2022-01-10,56.15999984741211,56.15999984741211,56.779998779296875,55.83000183105469,56.56999969482422,3758000
2022-01-11,58.15999984741211,58.15999984741211,58.279998779296875,56.540000915527344,56.95000076293945,6841500
2022-01-12,58.90999984741211,58.90999984741211,59.16999816894531,58.36000061035156,58.369998931884766,5171600
2022-01-13,58.27000045776367,58.27000045776367,59.130001068115234,58.209999084472656,59.02000045776367,4680700
2022-01-14,59.970001220703125,59.970001220703125,59.97999954223633,59.06999969482422,59.099998474121094,6031200
2022-01-18,60.970001220703125,60.970001220703125,61.09000015258789,60.15999984741211,60.36000061035156,6240800
2022-01-19,61.04999923706055,61.04999923706055,61.900001525878906,60.97999954223633,61.25,5435700
2022-01-20,60.65999984741211,60.65999984741211,62.16999816894531,60.61000061035156,61.2400016784668,4278400
2022-01-21,60.779998779296875,60.779998779296875,61.2400016784668,60.08000183105469,60.869998931884766,5410200
2022-01-24,60.11000061035156,60.11000061035156,60.220001220703125,58.810001373291016,59.90999984741211,9098900
2022-01-25,60.970001220703125,60.970001220703125,61.16999816894531,59.880001068115234,59.90999984741211,6104800
2022-01-26,61.68000030517578,61.68000030517578,62.52000045776367,61.40999984741211,61.66999816894531,6735100
2022-01-27,61.86000061035156,61.86000061035156,62.709999084472656,61.36000061035156,62.65999984741211,5749100
2022-01-28,61.970001220703125,61.970001220703125,62.9900016784668,61.41999816894531,62.63999938964844,4187100
2022-01-31,62.47999954223633,62.47999954223633,62.5,61.36000061035156,62.189998626708984,3142800
2022-02-01,62.529998779296875,62.529998779296875,62.7599983215332,61.58000183105469,61.90999984741211,4308300
2022-02-02,62.52000045776367,62.52000045776367,62.86000061035156,61.75,62.779998779296875,3332600
2022-02-03,63.5099983215332,63.5099983215332,63.810001373291016,61.900001525878906,62.099998474121094,5222200
2022-02-04,64.91000366210938,64.91000366210938,65.3499984741211,64.6500015258789,64.68000030517578,4830400
2022-02-07,64.68000030517578,64.68000030517578,65.05000305175781,64.47000122070312,64.61000061035156,2247200
2022-02-08,63.619998931884766,63.619998931884766,63.83000183105469,62.849998474121094,63.709999084472656,4923200
2022-02-09,64.16999816894531,64.16999816894531,64.37000274658203,63.5099983215332,63.790000915527344,3933700
2022-02-10,63.959999084472656,63.959999084472656,65.08000183105469,63.59000015258789,63.900001525878906,4787600
2022-02-11,65.73999786376953,65.73999786376953,66.33999633789062,64.37000274658203,64.43000030517578,12309200
2022-02-14,66.36000061035156,66.36000061035156,66.87999725341797,64.80000305175781,64.97000122070312,9540700
2022-02-15,64.27999877929688,64.27999877929688,64.4000015258789,63.540000915527344,64.19999694824219,10076300
2022-02-16,63.540000915527344,63.540000915527344,65.87000274658203,63.5,65.08000183105469,6978300
2022-02-17,64.16999816894531,64.16999816894531,64.5,63.41999816894531,63.619998931884766,7116200
2022-02-18,64.73999786376953,64.73999786376953,65.0,62.91999816894531,63.13999938964844,8438400
2022-02-22,65.54000091552734,65.54000091552734,66.93000030517578,65.27999877929688,66.86000061035156,9307800
2022-02-23,66.23999786376953,66.23999786376953,67.31999969482422,65.66000366210938,65.9000015258789,8562400
2022-02-24,66.33999633789062,66.33999633789062,70.23999786376953,65.06999969482422,70.19000244140625,18256700
2022-02-25,65.80000305175781,65.80000305175781,66.12000274658203,64.4000015258789,65.55999755859375,8803300
2022-02-28,67.4800033569336,67.4800033569336,68.26000213623047,66.81999969482422,67.37999725341797,8886500
2022-03-01,71.81999969482422,71.81999969482422,72.62999725341797,70.0999984741211,70.33999633789062,16803600
2022-03-02,75.41999816894531,75.41999816894531,76.19999694824219,71.75,74.1500015258789,21956100
2022-03-03,74.52999877929688,74.52999877929688,76.37000274658203,74.0,74.76000213623047,18443800
2022-03-04,79.45999908447266,79.45999908447266,80.0,76.18000030517578,77.0,17341900
2022-03-07,82.37000274658203,82.37000274658203,83.4000015258789,79.69999694824219,79.93000030517578,16563300
2022-03-08,85.43000030517578,85.43000030517578,87.83999633789062,81.56999969482422,85.43000030517578,29882700
2022-03-09,75.47000122070312,75.47000122070312,81.0999984741211,72.2699966430664,80.0,29934600
2022-03-10,74.05999755859375,74.05999755859375,77.4800033569336,72.9800033569336,77.05999755859375,11738200
2022-03-11,76.4000015258789,76.4000015258789,76.55000305175781,74.26000213623047,74.80999755859375,7937300
2022-03-14,72.83999633789062,72.83999633789062,73.55999755859375,71.45999908447266,73.52999877929688,9470000
2022-03-15,68.62999725341797,68.62999725341797,70.55000305175781,67.9000015258789,69.56999969482422,13575300
2022-03-16,68.27999877929688,68.27999877929688,71.08000183105469,67.7300033569336,70.63999938964844,7392700
2022-03-17,73.68000030517578,73.68000030517578,74.44000244140625,72.38999938964844,72.6500015258789,9653600
2022-03-18,74.63999938964844,74.63999938964844,75.0,73.55000305175781,74.25,4440900
2022-03-21,79.54000091552734,79.54000091552734,79.66000366210938,77.26000213623047,77.41000366210938,6410800
2022-03-22,78.55999755859375,78.55999755859375,79.6500015258789,77.55000305175781,78.69000244140625,4175300
2022-03-23,81.94999694824219,81.94999694824219,82.4800033569336,81.08000183105469,81.37999725341797,6155100
2022-03-24,79.75,79.75,81.77999877929688,79.30000305175781,81.66999816894531,4417200
2022-03-25,80.73999786376953,80.73999786376953,81.7300033569336,78.41000366210938,78.87999725341797,7534500
2022-03-28,74.52999877929688,74.52999877929688,77.91999816894531,74.1500015258789,76.8499984741211,8934500
2022-03-29,76.1500015258789,76.1500015258789,76.43000030517578,72.06999969482422,72.30000305175781,8954800
2022-03-30,77.91000366210938,77.91000366210938,78.69999694824219,77.30000305175781,78.06999969482422,5239100
2022-03-31,74.12000274658203,74.12000274658203,76.83999633789062,73.33999633789062,75.76000213623047,10749400
2022-04-01,74.16999816894531,74.16999816894531,74.80000305175781,73.25,73.37000274658203,4926700
2022-04-04,76.86000061035156,76.86000061035156,77.19999694824219,75.33000183105469,76.45999908447266,6157100
2022-04-05,74.80000305175781,74.80000305175781,77.70999908447266,74.54000091552734,77.33999633789062,7542800
2022-04-06,73.05000305175781,73.05000305175781,76.75,72.16000366210938,76.25,7040900
2022-04-07,73.11000061035156,73.11000061035156,73.83999633789062,71.08000183105469,73.26000213623047,5749300
2022-04-08,74.11000061035156,74.11000061035156,74.5999984741211,72.38999938964844,72.69000244140625,5666300
2022-04-11,72.30000305175781,72.30000305175781,72.76000213623047,71.30000305175781,71.75,5209400
2022-04-12,75.9800033569336,75.9800033569336,76.37999725341797,74.91000366210938,74.94999694824219,6839800
2022-04-13,78.41999816894531,78.41999816894531,78.55999755859375,75.88999938964844,77.1500015258789,6918900
2022-04-14,79.56999969482422,79.56999969482422,80.44000244140625,77.2300033569336,77.33999633789062,7437200
2022-04-18,80.41000366210938,80.41000366210938,81.69999694824219,80.0,80.80999755859375,5326100
2022-04-19,76.86000061035156,76.86000061035156,78.08000183105469,76.33999633789062,78.05999755859375,7626100
2022-04-20,77.23999786376953,77.23999786376953,77.91999816894531,75.56999969482422,77.51000213623047,5056200
2022-04-21,78.12000274658203,78.12000274658203,79.2699966430664,77.06999969482422,78.33999633789062,4815700
2022-04-22,76.30999755859375,76.30999755859375,77.47000122070312,76.27999877929688,76.9800033569336,3730500
2022-04-25,74.6500015258789,74.6500015258789,74.98999786376953,71.9800033569336,72.63999938964844,5073600
2022-04-26,76.45999908447266,76.45999908447266,76.94000244140625,74.37000274658203,75.33000183105469,7354100
2022-04-27,76.37000274658203,76.37000274658203,76.61000061035156,74.87000274658203,75.12000274658203,4545800
2022-04-28,78.08000183105469,78.08000183105469,78.2300033569336,75.86000061035156,76.27999877929688,6856000
2022-04-29,77.16000366210938,77.16000366210938,79.68000030517578,76.94000244140625,78.80000305175781,6097900
2022-05-02,78.37999725341797,78.37999725341797,78.43000030517578,74.86000061035156,75.37999725341797,4467600
2022-05-03,76.69000244140625,76.69000244140625,77.83000183105469,76.04000091552734,76.91999816894531,2990700
2022-05-04,80.22000122070312,80.22000122070312,80.72000122070312,78.66000366210938,79.4000015258789,5420100
2022-05-05,80.4800033569336,80.4800033569336,82.37000274658203,79.2300033569336,82.20999908447266,5997700
2022-05-06,82.12999725341797,82.12999725341797,82.41000366210938,80.43000030517578,81.62999725341797,5679700
2022-05-09,76.56999969482422,76.56999969482422,80.02999877929688,76.37999725341797,79.80999755859375,5630900
2022-05-10,74.52999877929688,74.52999877929688,77.33000183105469,74.22000122070312,77.06999969482422,5741000
2022-05-11,78.18000030517578,78.18000030517578,79.04000091552734,77.38999938964844,77.76000213623047,4659600
2022-05-12,79.2300033569336,79.2300033569336,79.47000122070312,77.91000366210938,78.48999786376953,4322700
2022-05-13,81.27999877929688,81.27999877929688,81.41999816894531,79.93000030517578,80.5999984741211,4194500
2022-05-16,83.11000061035156,83.11000061035156,83.38999938964844,80.81999969482422,80.9800033569336,4820700
2022-05-17,81.11000061035156,81.11000061035156,83.62999725341797,80.86000061035156,83.05000305175781,4118300
2022-05-18,79.29000091552734,79.29000091552734,82.04000091552734,78.6500015258789,82.0199966430664,3882200
2022-05-19,80.58000183105469,80.58000183105469,81.3499984741211,78.44999694824219,78.5,4135300
2022-05-20,81.6500015258789,81.6500015258789,81.83999633789062,80.26000213623047,81.20999908447266,3103800
2022-05-23,81.97000122070312,81.97000122070312,82.16000366210938,80.91000366210938,81.36000061035156,2989800
2022-05-24,82.0,82.0,82.83999633789062,81.33999633789062,82.02999877929688,1537600
2022-05-25,82.4800033569336,82.4800033569336,82.69000244140625,81.52999877929688,82.20999908447266,1940400
2022-05-26,84.58999633789062,84.58999633789062,85.0999984741211,83.1500015258789,83.1500015258789,3780800
2022-05-27,85.45999908447266,85.45999908447266,85.5199966430664,84.11000061035156,84.33000183105469,2371900
2022-05-31,85.47000122070312,85.47000122070312,88.31999969482422,84.69999694824219,87.98999786376953,7416000
2022-06-01,85.54000091552734,85.54000091552734,87.19999694824219,85.5,86.70999908447266,4762300
2022-06-02,87.25,87.25,87.48999786376953,85.2699966430664,85.87999725341797,3769500
2022-06-03,89.47000122070312,89.47000122070312,89.55999755859375,86.95999908447266,87.20999908447266,3671500
2022-06-06,88.38999938964844,88.38999938964844,89.22000122070312,87.8499984741211,89.06999969482422,2315800
2022-06-07,90.04000091552734,90.04000091552734,90.11000061035156,88.08999633789062,88.68000030517578,3893800
2022-06-08,91.98999786376953,91.98999786376953,92.19999694824219,89.73999786376953,90.26000213623047,5357200
2022-06-09,91.08000183105469,91.08000183105469,91.48999786376953,90.72000122070312,91.02999877929688,4583600
2022-06-10,90.12999725341797,90.12999725341797,90.77999877929688,88.5,90.23999786376953,5865200
2022-06-13,90.36000061035156,90.36000061035156,91.1500015258789,87.68000030517578,89.27999877929688,6681900
2022-06-14,88.44999694824219,88.44999694824219,91.91999816894531,87.37000274658203,90.9800033569336,4675900
2022-06-15,86.93000030517578,86.93000030517578,88.80999755859375,86.23999786376953,88.05000305175781,4420500
2022-06-16,87.66000366210938,87.66000366210938,88.55000305175781,85.05000305175781,86.44000244140625,5171300
2022-06-17,83.33999633789062,83.33999633789062,86.77999877929688,81.94000244140625,86.5,8744600
2022-06-21,84.05000305175781,84.05000305175781,85.30000305175781,83.6500015258789,84.48999786376953,3674400
2022-06-22,80.87999725341797,80.87999725341797,82.33000183105469,78.48999786376953,78.83000183105469,5215400
2022-06-23,78.9800033569336,78.9800033569336,81.9000015258789,78.95999908447266,81.62999725341797,3918500
2022-06-24,81.2699966430664,81.2699966430664,82.16999816894531,79.62999725341797,80.19000244140625,3456200
2022-06-27,82.93000030517578,82.93000030517578,83.38999938964844,80.4000015258789,81.29000091552734,4591500
2022-06-28,84.72000122070312,84.72000122070312,85.16999816894531,83.33000183105469,83.98999786376953,4226000
2022-06-29,82.94999694824219,82.94999694824219,86.4000015258789,82.91000366210938,85.87000274658203,4619800
2022-06-30,80.3499984741211,80.3499984741211,82.30000305175781,79.93000030517578,82.08999633789062,4631500
2022-07-01,81.66999816894531,81.66999816894531,82.45999908447266,80.83999633789062,82.0999984741211,4689800
2022-07-05,74.77999877929688,74.77999877929688,78.5199966430664,73.41999816894531,78.47000122070312,10752700
2022-07-06,73.66999816894531,73.66999816894531,74.23999786376953,71.45999908447266,73.48999786376953,8899500
2022-07-07,76.55000305175781,76.55000305175781,77.87000274658203,76.2699966430664,76.45999908447266,6993200
2022-07-08,78.54000091552734,78.54000091552734,79.01000213623047,77.08000183105469,78.58999633789062,6450600
2022-07-11,78.2300033569336,78.2300033569336,78.91999816894531,76.62999725341797,77.80999755859375,4950300
2022-07-12,72.80999755859375,72.80999755859375,75.31999969482422,72.55999755859375,74.81999969482422,6104700
2022-07-13,73.19000244140625,73.19000244140625,74.51000213623047,72.2300033569336,73.06999969482422,4365800
2022-07-14,72.8499984741211,72.8499984741211,73.30000305175781,69.51000213623047,71.0199966430664,5355800
2022-07-15,73.73999786376953,73.73999786376953,74.62999725341797,73.05999755859375,74.08000183105469,3367700
2022-07-18,76.80999755859375,76.80999755859375,77.54000091552734,76.52999877929688,76.91999816894531,5382200
2022-07-19,78.05000305175781,78.05000305175781,78.20999908447266,75.98999786376953,76.0,3172000
2022-07-20,77.63999938964844,77.63999938964844,78.26000213623047,76.4800033569336,77.16999816894531,3125900
2022-07-21,75.48999786376953,75.48999786376953,76.27999877929688,74.69999694824219,75.2699966430664,3979200
2022-07-22,74.52999877929688,74.52999877929688,76.58000183105469,74.43000030517578,75.18000030517578,5768500
2022-07-25,76.22000122070312,76.22000122070312,76.4000015258789,74.93000030517578,75.83999633789062,2807500
2022-07-26,75.16000366210938,75.16000366210938,77.44000244140625,75.0,77.30000305175781,2949300
2022-07-27,77.87000274658203,77.87000274658203,78.19000244140625,75.41999816894531,76.4000015258789,3166400
2022-07-28,77.12999725341797,77.12999725341797,78.5199966430664,76.4800033569336,78.44999694824219,4322000
2022-07-29,78.05000305175781,78.05000305175781,80.48999786376953,78.0,79.16999816894531,3632800
2022-08-01,75.12999725341797,75.12999725341797,75.62000274658203,74.01000213623047,74.79000091552734,3326800
2022-08-02,75.93000030517578,75.93000030517578,77.41000366210938,75.27999877929688,76.02999877929688,2737300
2022-08-03,73.52999877929688,73.52999877929688,76.55000305175781,73.30000305175781,76.27999877929688,4033700
2022-08-04,71.52999877929688,71.52999877929688,73.5999984741211,70.95999908447266,72.83000183105469,5215500
2022-08-05,71.54000091552734,71.54000091552734,73.18000030517578,70.41999816894531,70.45999908447266,3139200
2022-08-08,73.54000091552734,73.54000091552734,73.70999908447266,71.47000122070312,71.58999633789062,4429500
2022-08-09,73.44999694824219,73.44999694824219,74.91999816894531,72.62000274658203,74.19999694824219,2492200
2022-08-10,74.31999969482422,74.31999969482422,74.9800033569336,71.44999694824219,73.25,4622300
2022-08-11,76.27999877929688,76.27999877929688,76.97000122070312,74.9800033569336,75.83000183105469,4687300
2022-08-12,74.9800033569336,74.9800033569336,75.45999908447266,74.30000305175781,75.33999633789062,2949600
2022-08-15,72.87999725341797,72.87999725341797,73.36000061035156,71.26000213623047,71.38999938964844,4446200
2022-08-16,71.23999786376953,71.23999786376953,73.83999633789062,70.66999816894531,72.66999816894531,5750100
2022-08-17,72.05000305175781,72.05000305175781,73.16999816894531,71.08999633789062,71.6500015258789,3800700
2022-08-18,74.20999908447266,74.20999908447266,74.83000183105469,73.31999969482422,73.58999633789062,3315900
2022-08-19,74.05999755859375,74.05999755859375,75.37000274658203,73.83000183105469,74.05000305175781,2700600
2022-08-22,74.68000030517578,74.68000030517578,74.7699966430664,71.44999694824219,72.79000091552734,7937300
2022-08-23,76.83000183105469,76.83000183105469,77.27999877929688,75.80999755859375,75.83000183105469,3782000
2022-08-24,78.04000091552734,78.04000091552734,78.06999969482422,76.22000122070312,76.8499984741211,3857400
2022-08-25,76.5,76.5,78.37999725341797,75.83000183105469,78.33999633789062,2960200
2022-08-26,75.8499984741211,75.8499984741211,76.19000244140625,74.7699966430664,75.45999908447266,2424600
2022-08-29,78.69000244140625,78.69000244140625,78.95999908447266,76.70999908447266,77.0199966430664,3693500
2022-08-30,75.47000122070312,75.47000122070312,76.75,74.27999877929688,76.5999984741211,4968000
2022-08-31,73.11000061035156,73.11000061035156,75.08999633789062,73.05999755859375,73.83999633789062,4538500
2022-09-01,70.94999694824219,70.94999694824219,72.72000122070312,70.80000305175781,72.08999633789062,4319300
2022-09-02,71.43000030517578,71.43000030517578,73.22000122070312,71.30000305175781,73.18000030517578,4050300
2022-09-06,71.41999816894531,71.41999816894531,72.44999694824219,71.1500015258789,72.33999633789062,5250400
2022-09-07,67.62000274658203,67.62000274658203,69.72000122070312,67.58999633789062,69.16999816894531,7540200
2022-09-08,68.08999633789062,68.08999633789062,69.27999877929688,67.6500015258789,68.54000091552734,4277100
2022-09-09,71.0999984741211,71.0999984741211,71.61000061035156,70.02999877929688,70.33000183105469,4953600
2022-09-12,72.37000274658203,72.37000274658203,73.20999908447266,72.06999969482422,72.62999725341797,3710000
2022-09-13,72.01000213623047,72.01000213623047,72.7300033569336,70.0999984741211,72.11000061035156,6056900
2022-09-14,72.7300033569336,72.7300033569336,73.72000122070312,72.25,72.72000122070312,2594400
2022-09-15,69.76000213623047,69.76000213623047,71.1500015258789,69.33999633789062,71.08999633789062,3898100
2022-09-16,69.9000015258789,69.9000015258789,70.80999755859375,69.44000244140625,70.33000183105469,3384500
2022-09-19,70.05000305175781,70.05000305175781,70.2699966430664,67.48999786376953,67.62000274658203,2863900
2022-09-20,69.22000122070312,69.22000122070312,69.58999633789062,68.41000366210938,69.54000091552734,3569200
2022-09-21,68.68000030517578,68.68000030517578,70.62000274658203,68.0999984741211,70.48999786376953,4537900
2022-09-22,68.97000122070312,68.97000122070312,70.80999755859375,68.52999877929688,70.41999816894531,2928800
2022-09-23,65.31999969482422,65.31999969482422,65.9000015258789,64.6500015258789,65.88999938964844,5923200
2022-09-26,63.20000076293945,63.20000076293945,66.25,63.150001525878906,65.37000274658203,5064500
2022-09-27,64.41999816894531,64.41999816894531,65.52999877929688,63.689998626708984,64.30000305175781,3273500
2022-09-28,67.12999725341797,67.12999725341797,67.33999633789062,64.94999694824219,65.26000213623047,2603400
2022-09-29,66.7699966430664,66.7699966430664,67.76000213623047,66.25,67.30999755859375,2762700
2022-09-30,65.27999877929688,65.27999877929688,66.5,64.8499984741211,65.63999938964844,2397100
2022-10-03,67.88999938964844,67.88999938964844,68.9000015258789,67.16999816894531,68.5999984741211,5256000
2022-10-04,70.27999877929688,70.27999877929688,71.0,69.30999755859375,69.91000366210938,6673400
2022-10-05,71.94000244140625,71.94000244140625,72.16000366210938,69.87000274658203,71.16000366210938,4927200
2022-10-06,72.98999786376953,72.98999786376953,73.04000091552734,71.61000061035156,71.73999786376953,2981200
2022-10-07,75.0999984741211,75.0999984741211,75.8499984741211,73.25,73.2699966430664,4670000
2022-10-10,73.77999877929688,73.77999877929688,76.11000061035156,73.5999984741211,75.29000091552734,3511500
2022-10-11,71.75,71.75,73.06999969482422,71.4000015258789,72.55999755859375,2476200
2022-10-12,70.93000030517578,70.93000030517578,71.5999984741211,70.19999694824219,71.41999816894531,2338900
2022-10-13,72.5199966430664,72.5199966430664,72.87000274658203,70.37000274658203,70.38999938964844,2304000
2022-10-14,70.16999816894531,70.16999816894531,71.72000122070312,69.75,71.4000015258789,2518900
2022-10-17,70.12999725341797,70.12999725341797,71.4800033569336,69.77999877929688,71.16999816894531,3255400
2022-10-18,68.69999694824219,68.69999694824219,69.77999877929688,67.8499984741211,69.36000061035156,3291200
2022-10-19,70.04000091552734,70.04000091552734,70.56999969482422,68.55000305175781,68.87000274658203,3094900
2022-10-20,70.18000030517578,70.18000030517578,71.87999725341797,69.70999908447266,71.08999633789062,2545800
2022-10-21,70.56999969482422,70.56999969482422,70.98999786376953,69.45999908447266,70.1500015258789,1564300
2022-10-24,70.37999725341797,70.37999725341797,71.18000030517578,69.80000305175781,70.23999786376953,1722400
2022-10-25,70.61000061035156,70.61000061035156,71.44999694824219,70.2300033569336,70.58999633789062,1517400
2022-10-26,72.97000122070312,72.97000122070312,73.13999938964844,71.3499984741211,71.36000061035156,3435400
2022-10-27,73.62000274658203,73.62000274658203,74.08999633789062,73.11000061035156,73.69000244140625,1308800
2022-10-28,72.81999969482422,72.81999969482422,73.30000305175781,72.02999877929688,72.70999908447266,1511200
2022-10-31,71.52999877929688,71.52999877929688,72.63999938964844,70.72000122070312,71.38999938964844,3088100
2022-11-01,73.12000274658203,73.12000274658203,73.88999938964844,72.66000366210938,73.80000305175781,4586900
2022-11-02,74.08000183105469,74.08000183105469,74.87999725341797,72.79000091552734,73.12000274658203,2796300
2022-11-03,73.29000091552734,73.29000091552734,74.01000213623047,72.86000061035156,73.05000305175781,1482000
2022-11-04,76.81999969482422,76.81999969482422,76.94000244140625,75.5,76.54000091552734,3679900
2022-11-07,76.55999755859375,76.55999755859375,77.72000122070312,76.22000122070312,76.83999633789062,2231400
2022-11-08,74.47000122070312,74.47000122070312,76.48999786376953,74.08000183105469,76.2699966430664,2539700
2022-11-09,71.66999816894531,71.66999816894531,73.19999694824219,71.58000183105469,73.16999816894531,2585500
2022-11-10,72.23999786376953,72.23999786376953,72.98999786376953,71.19000244140625,71.66000366210938,2020500
2022-11-11,74.37999725341797,74.37999725341797,75.1500015258789,73.68000030517578,74.52999877929688,3191900
2022-11-14,71.91000366210938,71.91000366210938,74.62000274658203,71.87999725341797,73.54000091552734,2680700
2022-11-15,73.25,73.25,74.77999877929688,71.5999984741211,72.12000274658203,3318100
2022-11-16,72.04000091552734,72.04000091552734,72.47000122070312,71.37999725341797,72.11000061035156,3359600
2022-11-17,70.13999938964844,70.13999938964844,71.44000244140625,69.5199966430664,71.1500015258789,5000100
2022-11-18,69.02999877929688,69.02999877929688,69.12000274658203,67.45999908447266,67.7300033569336,8376000
2022-11-21,69.02999877929688,69.02999877929688,69.37000274658203,65.37000274658203,66.66999816894531,12862900
2022-11-22,69.9800033569336,69.9800033569336,70.76000213623047,69.58000183105469,69.91999816894531,3715000
2022-11-23,67.41000366210938,67.41000366210938,68.22000122070312,66.86000061035156,67.83999633789062,4693000
2022-11-25,66.95999908447266,66.95999908447266,68.48999786376953,66.77999877929688,68.19000244140625,1703600
2022-11-28,66.87999725341797,66.87999725341797,67.69000244140625,65.0,65.16000366210938,7370900
2022-11-29,68.33999633789062,68.33999633789062,69.12000274658203,67.19000244140625,68.51000213623047,6290800
2022-11-30,70.2300033569336,70.2300033569336,70.44000244140625,69.55000305175781,70.30000305175781,3724000
2022-12-01,70.44999694824219,70.44999694824219,72.13999938964844,70.30000305175781,71.63999938964844,4571200
2022-12-02,69.83999633789062,69.83999633789062,71.13999938964844,69.3499984741211,70.5999984741211,3459200
2022-12-05,67.72000122070312,67.72000122070312,71.77999877929688,67.25,71.55999755859375,5259100
2022-12-06,65.2300033569336,65.2300033569336,67.36000061035156,64.5199966430664,66.97000122070312,6746200
2022-12-07,63.650001525878906,63.650001525878906,65.88999938964844,63.20000076293945,65.47000122070312,5443900
2022-12-08,62.709999084472656,62.709999084472656,64.68000030517578,62.459999084472656,64.61000061035156,8334600
2022-12-09,62.849998474121094,62.849998474121094,63.75,61.810001373291016,63.06999969482422,7184900
2022-12-12,64.41000366210938,64.41000366210938,64.62999725341797,63.04999923706055,63.209999084472656,4520100
2022-12-13,65.86000061035156,65.86000061035156,66.47000122070312,65.13999938964844,65.16000366210938,4496100
2022-12-14,67.36000061035156,67.36000061035156,67.66999816894531,66.08000183105469,66.79000091552734,7394100
2022-12-15,66.1500015258789,66.1500015258789,67.05000305175781,65.68000030517578,66.9000015258789,4665300
2022-12-16,64.9000015258789,64.9000015258789,65.81999969482422,64.13999938964844,64.3499984741211,4847100
2022-12-19,66.06999969482422,66.06999969482422,66.5,64.83000183105469,65.7699966430664,3920700
2022-12-20,66.22000122070312,66.22000122070312,66.80000305175781,64.81999969482422,65.83000183105469,2501300
2022-12-21,68.05999755859375,68.05999755859375,68.16000366210938,67.41000366210938,67.61000061035156,3292400
2022-12-22,67.69999694824219,67.69999694824219,68.58999633789062,66.8499984741211,68.4800033569336,2381800
2022-12-23,69.31999969482422,69.31999969482422,69.55999755859375,68.87000274658203,68.94000244140625,2928900
2022-12-27,69.52999877929688,69.52999877929688,70.54000091552734,69.05999755859375,69.58999633789062,3147900
2022-12-28,68.58000183105469,68.58000183105469,69.22000122070312,67.52999877929688,69.18000030517578,2782800
2022-12-29,68.52999877929688,68.52999877929688,68.58999633789062,67.37000274658203,67.55000305175781,1972300
2022-12-30,70.11000061035156,70.11000061035156,70.2699966430664,68.3499984741211,68.36000061035156,3648500
2023-01-03,67.63999938964844,67.63999938964844,69.6500015258789,67.12000274658203,68.63999938964844,3339700
2023-01-04,64.30000305175781,64.30000305175781,65.58000183105469,63.97999954223633,65.58000183105469,4215300
2023-01-05,64.77999877929688,64.77999877929688,65.75,63.93000030517578,64.31999969482422,3555500
2023-01-06,64.83000183105469,64.83000183105469,66.18000030517578,64.45999908447266,65.81999969482422,2994000
2023-01-09,65.87999725341797,65.87999725341797,67.33000183105469,65.44999694824219,66.48999786376953,2941100
2023-01-10,65.9000015258789,65.9000015258789,66.68000030517578,65.22000122070312,66.2699966430664,2000400
2023-01-11,68.05000305175781,68.05000305175781,68.22000122070312,66.45999908447266,67.23999786376953,3545100
2023-01-12,68.61000061035156,68.61000061035156,69.31999969482422,68.41999816894531,69.12000274658203,2616300
2023-01-13,70.05000305175781,70.05000305175781,70.08999633789062,68.91999816894531,69.30000305175781,2503300
2023-01-17,70.86000061035156,70.86000061035156,71.13999938964844,69.45999908447266,70.86000061035156,3796500
2023-01-18,69.51000213623047,69.51000213623047,72.02999877929688,69.3499984741211,71.58999633789062,3172700
2023-01-19,70.58999633789062,70.58999633789062,71.13999938964844,69.69000244140625,70.19000244140625,2814900
2023-01-20,71.55000305175781,71.55000305175781,71.55999755859375,69.97000122070312,70.86000061035156,2438400
2023-01-23,71.5,71.5,72.25,71.29000091552734,71.81999969482422,1661100
2023-01-24,70.22000122070312,70.22000122070312,71.66000366210938,69.87999725341797,71.58999633789062,1653200
2023-01-25,70.51000213623047,70.51000213623047,71.08999633789062,69.63999938964844,70.41000366210938,1613200
2023-01-26,70.93000030517578,70.93000030517578,71.76000213623047,70.2699966430664,71.6500015258789,1481400
2023-01-27,69.5,69.5,71.77999877929688,69.19999694824219,71.73999786376953,3185000
2023-01-30,68.0999984741211,68.0999984741211,69.87000274658203,68.02999877929688,68.68000030517578,2345800
2023-01-31,69.31999969482422,69.31999969482422,69.37000274658203,67.66999816894531,67.86000061035156,1391600
2023-02-01,67.36000061035156,67.36000061035156,69.41000366210938,66.76000213623047,69.20999908447266,3538500
2023-02-02,66.56999969482422,66.56999969482422,67.48999786376953,65.9000015258789,66.98999786376953,2561500
2023-02-03,64.4000015258789,64.4000015258789,68.38999938964844,64.3499984741211,66.7300033569336,4875300
2023-02-06,65.5,65.5,65.52999877929688,63.66999816894531,65.06999969482422,2694200
2023-02-07,67.76000213623047,67.76000213623047,67.8499984741211,65.81999969482422,65.83000183105469,3598100
2023-02-08,68.68000030517578,68.68000030517578,68.79000091552734,67.61000061035156,68.4000015258789,2052000
2023-02-09,67.91999816894531,67.91999816894531,68.5,67.12000274658203,67.87999725341797,2430700
2023-02-10,69.87000274658203,69.87000274658203,69.9000015258789,68.94999694824219,69.0199966430664,2817200
2023-02-13,69.5,69.5,70.43000030517578,69.06999969482422,69.37999725341797,3458200
2023-02-14,69.4000015258789,69.4000015258789,69.62999725341797,68.01000213623047,68.22000122070312,1601500
2023-02-15,69.0199966430664,69.0199966430664,69.38999938964844,67.80000305175781,68.79000091552734,1907600
2023-02-16,68.44999694824219,68.44999694824219,69.38999938964844,68.41999816894531,68.81999969482422,2369700
2023-02-17,67.0199966430664,67.0199966430664,67.26000213623047,66.01000213623047,66.36000061035156,3851700
2023-02-21,66.69000244140625,66.69000244140625,67.81999969482422,66.54000091552734,67.5,2432700
2023-02-22,64.91999816894531,64.91999816894531,66.66999816894531,64.88999938964844,66.4000015258789,3495600
2023-02-23,66.37999725341797,66.37999725341797,66.6500015258789,65.69999694824219,66.22000122070312,2136800
2023-02-24,67.0999984741211,67.0999984741211,67.1500015258789,65.11000061035156,65.55999755859375,2593400
2023-02-27,66.25,66.25,66.76000213623047,65.7300033569336,66.62999725341797,3024800
2023-02-28,67.20999908447266,67.20999908447266,67.93000030517578,67.16000366210938,67.80000305175781,1886400
2023-03-01,68.06999969482422,68.06999969482422,68.12000274658203,66.7300033569336,67.13999938964844,2577600
2023-03-02,68.30000305175781,68.30000305175781,68.76000213623047,67.88999938964844,68.44000244140625,1623900
2023-03-03,69.86000061035156,69.86000061035156,69.91000366210938,67.13999938964844,67.19000244140625,5179300
2023-03-06,70.48999786376953,70.48999786376953,70.5199966430664,69.05000305175781,69.29000091552734,3977800
2023-03-07,67.8499984741211,67.8499984741211,70.22000122070312,67.55999755859375,70.13999938964844,5071200
2023-03-08,67.0999984741211,67.0999984741211,67.8499984741211,66.77999877929688,67.12999725341797,3018100
2023-03-09,66.23999786376953,66.23999786376953,68.38999938964844,66.16999816894531,67.9000015258789,2436600
2023-03-10,67.13999938964844,67.13999938964844,67.55999755859375,66.19999694824219,66.37000274658203,2989500
2023-03-13,65.25,65.25,66.81999969482422,64.06999969482422,64.51000213623047,5203900
2023-03-14,62.93000030517578,62.93000030517578,65.31999969482422,62.34000015258789,64.0199966430664,6367400
2023-03-15,60.02000045776367,60.02000045776367,60.970001220703125,57.939998626708984,60.2599983215332,13746500
2023-03-16,60.04999923706055,60.04999923706055,61.09000015258789,58.040000915527344,58.720001220703125,8441800
2023-03-17,58.65999984741211,58.65999984741211,60.02000045776367,57.83000183105469,59.939998626708984,9071700
2023-03-20,59.790000915527344,59.790000915527344,59.869998931884766,58.04999923706055,58.72999954223633,5391600
2023-03-21,61.22999954223633,61.22999954223633,61.31999969482422,60.11000061035156,60.540000915527344,3975100
2023-03-22,61.61000061035156,61.61000061035156,62.66999816894531,60.91999816894531,61.38999938964844,3512800
2023-03-23,60.9900016784668,60.9900016784668,63.02000045776367,60.900001525878906,62.5099983215332,2635500
2023-03-24,60.959999084472656,60.959999084472656,61.25,59.84000015258789,60.310001373291016,3721100
2023-03-27,64.1500015258789,64.1500015258789,64.2699966430664,61.86000061035156,62.2400016784668,8701200
2023-03-28,64.55000305175781,64.55000305175781,64.9800033569336,63.7599983215332,63.7599983215332,4149500
2023-03-29,64.1500015258789,64.1500015258789,65.3499984741211,64.0,65.01000213623047,2593100
2023-03-30,65.31999969482422,65.31999969482422,65.54000091552734,64.19000244140625,64.80999755859375,3295100
2023-03-31,66.44000244140625,66.44000244140625,66.5,65.26000213623047,65.91999816894531,2730700
2023-04-03,70.2699966430664,70.2699966430664,70.69999694824219,69.62999725341797,69.93000030517578,8377900
2023-04-04,70.2699966430664,70.2699966430664,71.12999725341797,69.58000183105469,71.12999725341797,3592700
2023-04-05,70.23999786376953,70.23999786376953,70.55000305175781,69.68000030517578,70.48999786376953,3015000
2023-04-06,70.26000213623047,70.26000213623047,70.48999786376953,69.7699966430664,70.3499984741211,2839300
2023-04-10,69.76000213623047,69.76000213623047,70.79000091552734,69.62000274658203,70.2300033569336,2884600
2023-04-11,71.06999969482422,71.06999969482422,71.20999908447266,69.97000122070312,70.08000183105469,3346800
2023-04-12,72.43000030517578,72.43000030517578,72.6500015258789,71.61000061035156,71.73999786376953,4474100
2023-04-13,71.80000305175781,71.80000305175781,72.62999725341797,71.6500015258789,72.36000061035156,2790900
2023-04-14,72.08999633789062,72.08999633789062,72.44999694824219,71.33999633789062,72.05999755859375,3170400
2023-04-17,70.83999633789062,70.83999633789062,71.8499984741211,70.4800033569336,71.66000366210938,2985700
2023-04-18,70.7300033569336,70.7300033569336,71.36000061035156,70.08999633789062,70.91999816894531,1468800
2023-04-19,69.30000305175781,69.30000305175781,69.9800033569336,68.86000061035156,69.72000122070312,3621100
2023-04-20,67.5999984741211,67.5999984741211,68.33999633789062,67.51000213623047,67.86000061035156,3486800
2023-04-21,68.20999908447266,68.20999908447266,68.72000122070312,67.91000366210938,68.58000183105469,2620200
2023-04-24,69.25,69.25,69.5999984741211,68.11000061035156,68.29000091552734,1924400
2023-04-25,67.62000274658203,67.62000274658203,68.56999969482422,67.26000213623047,68.54000091552734,2262600
2023-04-26,65.36000061035156,65.36000061035156,67.83000183105469,65.19999694824219,67.18000030517578,5692100
2023-04-27,65.80999755859375,65.80999755859375,66.20999908447266,65.16000366210938,65.83000183105469,2752700
2023-04-28,67.5,67.5,67.5999984741211,65.52999877929688,65.8499984741211,3043600
2023-05-01,66.55000305175781,66.55000305175781,66.93000030517578,65.62000274658203,66.33999633789062,2939000
2023-05-02,63.04999923706055,63.04999923706055,65.5,62.9900016784668,65.4800033569336,6535700
2023-05-03,60.310001373291016,60.310001373291016,61.38999938964844,60.15999984741211,61.310001373291016,12166700
2023-05-04,60.70000076293945,60.70000076293945,61.65999984741211,59.779998779296875,60.5,4997400
2023-05-05,63.029998779296875,63.029998779296875,63.34000015258789,62.61000061035156,62.72999954223633,4700000
2023-05-08,64.26000213623047,64.26000213623047,64.88999938964844,64.05000305175781,64.75,3454600
2023-05-09,64.87000274658203,64.87000274658203,65.1500015258789,63.099998474121094,63.84000015258789,5831500
2023-05-10,64.38999938964844,64.38999938964844,64.80000305175781,63.59000015258789,64.80000305175781,2683700
2023-05-11,63.25,63.25,63.619998931884766,62.619998931884766,63.2599983215332,4023300
2023-05-12,62.06999969482422,62.06999969482422,63.5,61.939998626708984,63.209999084472656,4070800
2023-05-15,62.9900016784668,62.9900016784668,63.459999084472656,62.369998931884766,62.70000076293945,4837800
2023-05-16,62.540000915527344,62.540000915527344,63.540000915527344,62.45000076293945,63.11000061035156,1987100
2023-05-17,64.5999984741211,64.5999984741211,64.98999786376953,63.060001373291016,63.869998931884766,4276000
2023-05-18,64.04000091552734,64.04000091552734,64.4000015258789,63.58000183105469,64.31999969482422,2496600
2023-05-19,63.900001525878906,63.900001525878906,64.66000366210938,63.25,64.61000061035156,2490200
2023-05-22,63.90999984741211,63.90999984741211,64.33000183105469,63.36000061035156,63.59000015258789,1645000
2023-05-23,64.87000274658203,64.87000274658203,65.4000015258789,64.5,64.63999938964844,3409700
2023-05-24,65.66000366210938,65.66000366210938,66.23999786376953,64.94000244140625,65.95999908447266,3775800
2023-05-25,64.08999633789062,64.08999633789062,64.69999694824219,63.209999084472656,64.45999908447266,4322700
2023-05-26,64.80000305175781,64.80000305175781,64.98999786376953,64.36000061035156,64.9000015258789,2145100
2023-05-30,62.29999923706055,62.29999923706055,62.970001220703125,61.70000076293945,62.849998474121094,6442600
2023-05-31,60.630001068115234,60.630001068115234,62.09000015258789,60.61000061035156,61.47999954223633,4040700
2023-06-01,62.54999923706055,62.54999923706055,63.369998931884766,60.630001068115234,60.65999984741211,3631400
2023-06-02,64.1500015258789,64.1500015258789,64.36000061035156,63.459999084472656,64.0999984741211,6937900
2023-06-05,64.02999877929688,64.02999877929688,65.41000366210938,64.0199966430664,65.37000274658203,3038400
2023-06-06,63.790000915527344,63.790000915527344,64.43000030517578,63.0099983215332,63.08000183105469,2569500
2023-06-07,64.70999908447266,64.70999908447266,65.20999908447266,64.20999908447266,64.48999786376953,3520500
2023-06-08,63.459999084472656,63.459999084472656,64.94000244140625,61.81999969482422,64.88999938964844,8579200
2023-06-09,62.93000030517578,62.93000030517578,64.19000244140625,62.790000915527344,63.63999938964844,3354100
2023-06-12,60.2400016784668,60.2400016784668,61.22999954223633,60.02000045776367,61.0,5985300
2023-06-13,62.13999938964844,62.13999938964844,62.650001525878906,61.9900016784668,62.09000015258789,3473500
2023-06-14,61.83000183105469,61.83000183105469,63.20000076293945,61.2599983215332,63.0,4818600
2023-06-15,63.40999984741211,63.40999984741211,63.77000045776367,62.13999938964844,62.209999084472656,3445600
2023-06-16,64.3499984741211,64.3499984741211,64.52999877929688,63.279998779296875,63.47999954223633,2974000
2023-06-20,63.91999816894531,63.91999816894531,63.959999084472656,62.61000061035156,63.75,2313600
2023-06-21,65.04000091552734,65.04000091552734,65.08999633789062,63.70000076293945,63.83000183105469,2725500
2023-06-22,62.52000045776367,62.52000045776367,63.650001525878906,62.13999938964844,63.150001525878906,3875200
2023-06-23,62.41999816894531,62.41999816894531,62.4900016784668,60.970001220703125,61.040000915527344,2413600
2023-06-26,62.72999954223633,62.72999954223633,63.13999938964844,62.08000183105469,62.150001525878906,2084500
2023-06-27,61.29999923706055,61.29999923706055,62.630001068115234,61.099998474121094,62.33000183105469,2610100
2023-06-28,62.52000045776367,62.52000045776367,62.939998626708984,60.869998931884766,61.470001220703125,2461500
2023-06-29,62.959999084472656,62.959999084472656,63.63999938964844,62.25,62.75,1992200
2023-06-30,63.54999923706055,63.54999923706055,63.970001220703125,63.150001525878906,63.349998474121094,3133400
2023-07-03,63.38999938964844,63.38999938964844,64.11000061035156,63.119998931884766,63.81999969482422,1220800
2023-07-05,64.62999725341797,64.62999725341797,64.8499984741211,63.900001525878906,64.66000366210938,2965600
2023-07-06,64.44000244140625,64.44000244140625,64.55999755859375,63.119998931884766,64.33000183105469,2372000
2023-07-07,65.8499984741211,65.8499984741211,66.05000305175781,64.13999938964844,64.13999938964844,2784600
2023-07-10,65.54000091552734,65.54000091552734,66.30999755859375,65.16000366210938,65.62999725341797,2449000
2023-07-11,67.02999877929688,67.02999877929688,67.05000305175781,65.88999938964844,66.02999877929688,2346500
2023-07-12,67.87000274658203,67.87000274658203,67.97000122070312,67.26000213623047,67.62000274658203,3046200
2023-07-13,69.08999633789062,69.08999633789062,69.0999984741211,67.52999877929688,67.79000091552734,3608700
2023-07-14,67.47000122070312,67.47000122070312,68.56999969482422,67.36000061035156,68.52999877929688,2400600
2023-07-17,66.58000183105469,66.58000183105469,67.4000015258789,66.52999877929688,66.8499984741211,2280800
2023-07-18,67.95999908447266,67.95999908447266,68.12000274658203,66.6500015258789,66.79000091552734,2547400
2023-07-19,67.69000244140625,67.69000244140625,68.91999816894531,67.48999786376953,68.38999938964844,1935000
2023-07-20,68.05000305175781,68.05000305175781,68.48999786376953,67.12999725341797,68.33000183105469,2031400
2023-07-21,68.98999786376953,68.98999786376953,69.30999755859375,68.16999816894531,68.5199966430664,2993300
2023-07-24,70.69000244140625,70.69000244140625,70.93000030517578,69.29000091552734,69.61000061035156,2420200
2023-07-25,71.16000366210938,71.16000366210938,71.41000366210938,70.2699966430664,70.4000015258789,2340100
2023-07-26,70.66000366210938,70.66000366210938,71.30999755859375,70.41000366210938,70.58999633789062,1384300
2023-07-27,71.43000030517578,71.43000030517578,71.98999786376953,70.72000122070312,71.16000366210938,1807200
2023-07-28,72.08999633789062,72.08999633789062,72.23999786376953,70.87000274658203,71.31999969482422,1751500
2023-07-31,73.16999816894531,73.16999816894531,73.29000091552734,72.55999755859375,72.75,2068900
2023-08-01,72.95999908447266,72.95999908447266,73.19000244140625,72.16999816894531,72.68000030517578,1480900
2023-08-02,71.4800033569336,71.4800033569336,72.73999786376953,70.87999725341797,72.66999816894531,3170000
2023-08-03,73.13999938964844,73.13999938964844,73.25,71.69999694824219,71.69999694824219,2921700
2023-08-04,73.79000091552734,73.79000091552734,74.29000091552734,72.94000244140625,73.22000122070312,2016600
2023-08-07,73.81999969482422,73.81999969482422,73.87000274658203,73.04000091552734,73.76000213623047,1858800
2023-08-08,74.05999755859375,74.05999755859375,74.2699966430664,72.04000091552734,72.47000122070312,4218700
2023-08-09,75.0999984741211,75.0999984741211,75.36000061035156,74.20999908447266,74.77999877929688,4777100
2023-08-10,74.19999694824219,74.19999694824219,75.08999633789062,73.95999908447266,74.66000366210938,3443900
2023-08-11,74.25,74.25,74.80999755859375,73.94999694824219,74.13999938964844,3137800
2023-08-14,73.80999755859375,73.80999755859375,74.22000122070312,73.3499984741211,73.69000244140625,3545400
2023-08-15,72.62000274658203,72.62000274658203,73.26000213623047,72.18000030517578,73.25,3907500
2023-08-16,71.37000274658203,71.37000274658203,73.1500015258789,71.29000091552734,72.9000015258789,3789600
2023-08-17,71.9800033569336,71.9800033569336,72.81999969482422,71.91999816894531,72.56999969482422,2647600
2023-08-18,72.79000091552734,72.79000091552734,73.05999755859375,71.91000366210938,72.18000030517578,2734900
2023-08-21,72.58000183105469,72.58000183105469,73.51000213623047,72.41999816894531,73.41999816894531,2085600
2023-08-22,72.27999877929688,72.27999877929688,72.87000274658203,72.05999755859375,72.76000213623047,1655000
2023-08-23,71.36000061035156,71.36000061035156,72.0,70.43000030517578,70.80000305175781,3836900
2023-08-24,71.41000366210938,71.41000366210938,71.7300033569336,70.44999694824219,70.87999725341797,2368700
2023-08-25,72.44999694824219,72.44999694824219,72.66000366210938,70.81999969482422,72.62000274658203,3106000
2023-08-28,72.41000366210938,72.41000366210938,73.12999725341797,72.11000061035156,72.4000015258789,1618700
2023-08-29,73.31999969482422,73.31999969482422,73.3499984741211,71.79000091552734,72.66000366210938,2890400
2023-08-30,73.66000366210938,73.66000366210938,74.01000213623047,73.05999755859375,73.7300033569336,2228100
2023-08-31,75.05999755859375,75.05999755859375,75.18000030517578,73.94999694824219,74.4800033569336,2900700
2023-09-01,76.91999816894531,76.91999816894531,76.94000244140625,75.94000244140625,76.0,4205600
2023-09-05,77.76000213623047,77.76000213623047,78.77999877929688,77.38999938964844,78.06999969482422,4782200
2023-09-06,78.5199966430664,78.5199966430664,78.7699966430664,77.41999816894531,77.5999984741211,3159800
2023-09-07,77.94999694824219,77.94999694824219,78.5,77.44000244140625,78.1500015258789,2671400
2023-09-08,78.30000305175781,78.30000305175781,78.7300033569336,77.87999725341797,78.13999938964844,2039000
2023-09-11,78.37000274658203,78.37000274658203,79.12000274658203,78.13999938964844,78.93000030517578,2083800
2023-09-12,79.69999694824219,79.69999694824219,80.01000213623047,79.30999755859375,79.36000061035156,3308800
2023-09-13,79.68000030517578,79.68000030517578,80.04000091552734,79.2300033569336,79.86000061035156,2783800
2023-09-14,81.12000274658203,81.12000274658203,81.13999938964844,80.52999877929688,80.66000366210938,3098900
2023-09-15,81.29000091552734,81.29000091552734,81.33999633789062,80.08999633789062,80.29000091552734,2874500
2023-09-18,81.44999694824219,81.44999694824219,81.94000244140625,80.80000305175781,81.79000091552734,5940800
2023-09-19,81.5,81.5,82.27999877929688,81.12000274658203,82.18000030517578,6657100
2023-09-20,80.13999938964844,80.13999938964844,81.58999633789062,80.12999725341797,80.55999755859375,4117600
2023-09-21,80.41000366210938,80.41000366210938,81.51000213623047,80.4000015258789,81.25,3095900
2023-09-22,80.62999725341797,80.62999725341797,81.5999984741211,79.98999786376953,81.55000305175781,2704300
2023-09-25,80.38999938964844,80.38999938964844,80.6500015258789,79.66999816894531,80.58999633789062,1918300
2023-09-26,80.87999725341797,80.87999725341797,81.05000305175781,79.88999938964844,79.97000122070312,2522700
2023-09-27,82.9000015258789,82.9000015258789,83.29000091552734,82.05000305175781,82.23999786376953,4257900
2023-09-28,81.56999969482422,81.56999969482422,82.61000061035156,81.22000122070312,82.31999969482422,3169000
2023-09-29,80.86000061035156,80.86000061035156,81.94000244140625,80.47000122070312,81.9000015258789,2399700
2023-10-02,79.38999938964844,79.38999938964844,81.27999877929688,79.19000244140625,81.18000030517578,3492100
2023-10-03,79.93000030517578,79.93000030517578,80.37000274658203,79.25,79.80999755859375,2899300
2023-10-04,75.58999633789062,75.58999633789062,77.97000122070312,75.22000122070312,77.97000122070312,7853800
2023-10-05,73.98999786376953,73.98999786376953,75.44999694824219,73.61000061035156,74.11000061035156,5599100
2023-10-06,74.16000366210938,74.16000366210938,74.56999969482422,73.33999633789062,74.43000030517578,3896200
2023-10-09,77.12999725341797,77.12999725341797,77.4000015258789,76.2300033569336,76.76000213623047,6892100
2023-10-10,76.70999908447266,76.70999908447266,77.19000244140625,76.19000244140625,77.19000244140625,4237600
2023-10-11,75.66999816894531,75.66999816894531,76.4000015258789,74.76000213623047,76.19000244140625,6048300
2023-10-12,75.41999816894531,75.41999816894531,76.61000061035156,74.62000274658203,76.58000183105469,4244100
2023-10-13,78.98999786376953,78.98999786376953,79.18000030517578,77.16000366210938,77.70999908447266,6765100
2023-10-16,78.38999938964844,78.38999938964844,78.88999938964844,77.87000274658203,78.62999725341797,5156200
2023-10-17,78.80000305175781,78.80000305175781,78.87999725341797,77.4000015258789,77.9800033569336,3914400
2023-10-18,79.83999633789062,79.83999633789062,80.36000061035156,79.31999969482422,79.72000122070312,4647300
2023-10-19,81.68000030517578,81.68000030517578,81.75,78.94000244140625,79.37000274658203,5924400
2023-10-20,80.69999694824219,80.69999694824219,81.9800033569336,80.16999816894531,81.58999633789062,4664700
2023-10-23,78.88999938964844,78.88999938964844,80.2699966430664,78.3499984741211,80.22000122070312,4607100
2023-10-24,76.93000030517578,76.93000030517578,78.22000122070312,76.30999755859375,78.04000091552734,6629600
2023-10-25,78.45999908447266,78.45999908447266,78.7300033569336,75.63999938964844,77.11000061035156,6116800
2023-10-26,76.88999938964844,76.88999938964844,77.58999633789062,76.48999786376953,76.83000183105469,3518500
2023-10-27,78.36000061035156,78.36000061035156,78.9800033569336,76.58000183105469,77.62000274658203,5522600
2023-10-30,76.05000305175781,76.05000305175781,77.58000183105469,75.36000061035156,77.23999786376953,5929500
2023-10-31,75.0199966430664,75.0199966430664,77.0199966430664,74.55999755859375,76.20999908447266,4604000
2023-11-01,74.75,74.75,76.72000122070312,74.23999786376953,76.66000366210938,4143000
2023-11-02,76.18000030517578,76.18000030517578,76.52999877929688,74.79000091552734,74.91000366210938,4191600
2023-11-03,74.8499984741211,74.8499984741211,76.41000366210938,74.13999938964844,75.29000091552734,5054500
2023-11-06,74.91000366210938,74.91000366210938,76.08999633789062,74.7699966430664,75.88999938964844,2764300
2023-11-07,71.80000305175781,71.80000305175781,73.1500015258789,71.61000061035156,72.98999786376953,7413600
2023-11-08,70.19000244140625,70.19000244140625,71.66999816894531,69.6500015258789,71.2699966430664,7264500
2023-11-09,70.25,70.25,71.66000366210938,70.13999938964844,70.75,4327700
2023-11-10,71.79000091552734,71.79000091552734,72.22000122070312,71.12000274658203,71.30999755859375,3754400
2023-11-13,72.91999816894531,72.91999816894531,72.95999908447266,71.7699966430664,71.80999755859375,3075600
2023-11-14,72.69000244140625,72.69000244140625,74.04000091552734,72.36000061035156,73.2300033569336,2688500
2023-11-15,71.33999633789062,71.33999633789062,72.37999725341797,71.18000030517578,71.80999755859375,5002800
2023-11-16,68.05000305175781,68.05000305175781,69.70999908447266,67.44999694824219,69.61000061035156,6745900
2023-11-17,70.75,70.75,70.94999694824219,69.13999938964844,69.13999938964844,5921000
2023-11-20,72.30000305175781,72.30000305175781,73.06999969482422,71.94000244140625,72.18000030517578,3985400
2023-11-21,72.52999877929688,72.52999877929688,72.58999633789062,71.75,72.05999755859375,2543500
2023-11-22,71.61000061035156,71.61000061035156,71.9000015258789,68.80999755859375,69.27999877929688,5283900
2023-11-24,70.81999969482422,70.81999969482422,71.86000061035156,70.75,70.94999694824219,1453900
2023-11-27,69.95999908447266,69.95999908447266,71.08999633789062,69.54000091552734,70.30000305175781,4633000
2023-11-28,71.26000213623047,71.26000213623047,71.83000183105469,70.23999786376953,70.63999938964844,2508200
2023-11-29,72.5199966430664,72.5199966430664,72.87000274658203,70.5999984741211,72.12000274658203,4573000
2023-11-30,70.13999938964844,70.13999938964844,74.20999908447266,70.02999877929688,73.5,9702200
2023-12-01,69.23999786376953,69.23999786376953,71.58999633789062,69.04000091552734,70.93000030517578,4354500
2023-12-04,68.47000122070312,68.47000122070312,69.7699966430664,67.87000274658203,68.66000366210938,5104000
2023-12-05,67.58000183105469,67.58000183105469,69.23999786376953,67.47000122070312,68.73999786376953,4833500
2023-12-06,64.76000213623047,64.76000213623047,66.3499984741211,64.61000061035156,65.9800033569336,9506200
2023-12-07,65.11000061035156,65.11000061035156,65.73999786376953,64.3499984741211,65.6500015258789,4561900
2023-12-08,66.52999877929688,66.52999877929688,66.9000015258789,65.91999816894531,66.11000061035156,4055500
2023-12-11,66.80000305175781,66.80000305175781,67.02999877929688,65.9800033569336,66.5,2589200
2023-12-12,64.25,64.25,65.05999755859375,63.84000015258789,64.93000030517578,7103800
2023-12-13,65.33000183105469,65.33000183105469,65.3499984741211,64.33999633789062,64.41999816894531,3575200
2023-12-14,67.16000366210938,67.16000366210938,67.80000305175781,66.9000015258789,66.94999694824219,5062800
2023-12-15,67.1500015258789,67.1500015258789,67.31999969482422,65.87999725341797,67.19000244140625,3451100
2023-12-18,68.08999633789062,68.08999633789062,69.58000183105469,67.55000305175781,68.88999938964844,5558900
2023-12-19,69.36000061035156,69.36000061035156,69.43000030517578,68.26000213623047,68.30000305175781,4039100
2023-12-20,68.79000091552734,68.79000091552734,70.30000305175781,68.66000366210938,70.1500015258789,5252100
2023-12-21,69.02999877929688,69.02999877929688,69.08000183105469,68.12999725341797,68.12999725341797,3290400
2023-12-22,68.69000244140625,68.69000244140625,69.95999908447266,68.48999786376953,69.62999725341797,4301900
2023-12-26,70.20999908447266,70.20999908447266,71.0999984741211,70.11000061035156,70.5199966430664,4996900
2023-12-27,68.91999816894531,68.91999816894531,70.16999816894531,68.9000015258789,70.0199966430664,3785600
2023-12-28,67.18000030517578,67.18000030517578,68.94000244140625,66.97000122070312,68.3499984741211,5754500
2023-12-29,66.6500015258789,66.6500015258789,67.75,66.62999725341797,67.68000030517578,3305500
2024-01-02,65.7699966430664,65.7699966430664,67.55999755859375,65.4800033569336,67.55999755859375,7908600
2024-01-03,68.19000244140625,68.19000244140625,68.36000061035156,66.72000122070312,66.91999816894531,7136800
2024-01-04,67.56999969482422,67.56999969482422,68.38999938964844,66.4000015258789,68.19000244140625,5001000
2024-01-05,69.02999877929688,69.02999877929688,69.31999969482422,68.36000061035156,68.83000183105469,4996500
2024-01-08,66.4000015258789,66.4000015258789,66.48999786376953,65.54000091552734,66.06999969482422,6270300
2024-01-09,67.38999938964844,67.38999938964844,67.94999694824219,66.70999908447266,67.30000305175781,4394100
2024-01-10,66.55999755859375,66.55999755859375,68.68000030517578,66.33999633789062,68.2699966430664,6307700
2024-01-11,67.6500015258789,67.6500015258789,68.91999816894531,67.11000061035156,68.3499984741211,7436400
2024-01-12,68.0199966430664,68.0199966430664,69.80999755859375,67.56999969482422,69.37999725341797,7198800
2024-01-16,67.25,67.25,68.25,67.11000061035156,68.08999633789062,4904800
2024-01-17,67.94000244140625,67.94000244140625,67.95999908447266,66.27999877929688,66.4800033569336,4463000
2024-01-18,69.05999755859375,69.05999755859375,69.30999755859375,67.79000091552734,68.36000061035156,4685900
2024-01-19,68.81999969482422,68.81999969482422,69.72000122070312,68.20999908447266,69.41000366210938,4668900
2024-01-22,69.69000244140625,69.69000244140625,70.5,68.72000122070312,68.87999725341797,4992500
2024-01-23,69.66000366210938,69.66000366210938,70.33000183105469,69.12000274658203,69.33999633789062,3164800
2024-01-24,70.54000091552734,70.54000091552734,70.87999725341797,69.66000366210938,69.97000122070312,4857600
2024-01-25,72.2300033569336,72.2300033569336,72.44999694824219,71.0199966430664,71.4800033569336,4979600
2024-01-26,73.0999984741211,73.0999984741211,73.19000244140625,71.12999725341797,71.9800033569336,4822100
2024-01-29,72.05000305175781,72.05000305175781,72.44999694824219,71.4800033569336,72.43000030517578,3444900
2024-01-30,72.80999755859375,72.80999755859375,73.0999984741211,71.72000122070312,72.0,3559200
2024-01-31,70.91999816894531,70.91999816894531,72.37000274658203,70.66000366210938,72.31999969482422,5073700
2024-02-01,69.06999969482422,69.06999969482422,71.98999786376953,68.95999908447266,71.58999633789062,13358700
2024-02-02,67.51000213623047,67.51000213623047,68.36000061035156,67.19000244140625,68.02999877929688,5659600
2024-02-05,68.18000030517578,68.18000030517578,68.58999633789062,66.8499984741211,67.83000183105469,3284500
2024-02-06,68.80999755859375,68.80999755859375,69.0999984741211,68.12000274658203,68.6500015258789,4413400
2024-02-07,69.41999816894531,69.41999816894531,69.43000030517578,68.69999694824219,68.94000244140625,5234200
2024-02-08,71.5199966430664,71.5199966430664,71.5999984741211,70.22000122070312,70.2699966430664,6147400
2024-02-09,71.66999816894531,71.66999816894531,72.27999877929688,71.0999984741211,71.94000244140625,2761600
2024-02-12,72.11000061035156,72.11000061035156,72.12999725341797,71.52999877929688,71.52999877929688,3839000
2024-02-13,72.6500015258789,72.6500015258789,73.22000122070312,71.94999694824219,72.54000091552734,3632000
2024-02-14,71.55000305175781,71.55000305175781,73.52999877929688,71.37000274658203,73.06999969482422,4632500
2024-02-15,72.83999633789062,72.83999633789062,73.19999694824219,71.7699966430664,71.7699966430664,4230900
2024-02-16,73.41000366210938,73.41000366210938,73.62999725341797,72.44000244140625,72.94999694824219,4209200
2024-02-20,72.41999816894531,72.41999816894531,73.44999694824219,72.05999755859375,73.44000244140625,3468600
2024-02-21,73.19999694824219,73.19999694824219,73.22000122070312,72.16000366210938,72.16999816894531,3775000
2024-02-22,73.5999984741211,73.5999984741211,74.05000305175781,72.91000366210938,72.98999786376953,2748500
2024-02-23,71.91999816894531,71.91999816894531,72.66000366210938,71.66000366210938,72.19000244140625,3403200
2024-02-26,72.79000091552734,72.79000091552734,73.23999786376953,71.4800033569336,71.55000305175781,3578500
2024-02-27,73.8499984741211,73.8499984741211,74.16000366210938,73.13999938964844,73.20999908447266,5301700
2024-02-28,73.62000274658203,73.62000274658203,74.73999786376953,73.2699966430664,74.45999908447266,3991500
2024-02-29,73.36000061035156,73.36000061035156,74.44999694824219,73.19999694824219,74.06999969482422,3861400
2024-03-01,74.95999908447266,74.95999908447266,75.94000244140625,74.52999877929688,74.73999786376953,5359600
2024-03-04,74.01000213623047,74.01000213623047,75.5,73.83000183105469,75.43000030517578,3332700
2024-03-05,73.44999694824219,73.44999694824219,74.66999816894531,73.11000061035156,73.62000274658203,4262700
2024-03-06,74.33999633789062,74.33999633789062,75.7300033569336,74.16000366210938,74.66999816894531,4988900
2024-03-07,74.2300033569336,74.2300033569336,74.7699966430664,73.4000015258789,73.55999755859375,3758500
2024-03-08,73.36000061035156,73.36000061035156,74.08000183105469,72.98999786376953,74.0199966430664,4038700
2024-03-11,73.62000274658203,73.62000274658203,73.9000015258789,72.37000274658203,72.97000122070312,3072600
2024-03-12,73.3499984741211,73.3499984741211,74.16000366210938,73.01000213623047,73.41999816894531,4134600
2024-03-13,75.08999633789062,75.08999633789062,75.25,74.37000274658203,74.75,4435500
2024-03-14,76.30000305175781,76.30000305175781,76.76000213623047,75.73999786376953,75.9000015258789,4238600
2024-03-15,76.33000183105469,76.33000183105469,76.63999938964844,75.87000274658203,75.97000122070312,3141800
2024-03-18,77.9800033569336,77.9800033569336,78.18000030517578,76.61000061035156,77.0199966430664,3403700
2024-03-19,78.43000030517578,78.43000030517578,78.77999877929688,77.94000244140625,78.08999633789062,2720500
2024-03-20,77.25,77.25,77.5199966430664,76.62000274658203,77.19999694824219,4254600
2024-03-21,76.81999969482422,76.81999969482422,77.0,76.13999938964844,76.83000183105469,2742000
2024-03-22,76.68000030517578,76.68000030517578,77.12000274658203,76.30999755859375,77.06999969482422,2397000
2024-03-25,77.76000213623047,77.76000213623047,78.20999908447266,76.98999786376953,76.98999786376953,2189200
2024-03-26,77.29000091552734,77.29000091552734,77.9800033569336,77.20999908447266,77.94000244140625,2776800
2024-03-27,77.51000213623047,77.51000213623047,77.54000091552734,76.81999969482422,76.91999816894531,2412300
2024-03-28,78.7300033569336,78.7300033569336,78.94000244140625,78.0199966430664,78.2699966430664,4745600
2024-04-01,79.66999816894531,79.66999816894531,80.19999694824219,78.80000305175781,79.08000183105469,4000100
2024-04-02,80.79000091552734,80.79000091552734,80.91999816894531,79.87999725341797,80.62999725341797,4241700
2024-04-03,81.25,81.25,81.81999969482422,81.0999984741211,81.30999755859375,3254800
2024-04-04,82.2699966430664,82.2699966430664,82.83999633789062,80.43000030517578,81.06999969482422,6112200
2024-04-05,82.4000015258789,82.4000015258789,83.25,82.12000274658203,82.58000183105469,3842800
2024-04-08,82.19999694824219,82.19999694824219,82.7300033569336,81.16999816894531,82.37999725341797,3757200
2024-04-09,81.1500015258789,81.1500015258789,82.25,80.87000274658203,82.12999725341797,3893900
2024-04-10,82.08999633789062,82.08999633789062,82.11000061035156,80.43000030517578,81.38999938964844,6834100
2024-04-11,81.55000305175781,81.55000305175781,81.66999816894531,80.79000091552734,81.66999816894531,6287700
2024-04-12,81.52999877929688,81.52999877929688,83.41000366210938,81.2300033569336,83.0,9724900
2024-04-15,81.6500015258789,81.6500015258789,81.69999694824219,80.08999633789062,81.0,10203200
2024-04-16,81.33000183105469,81.33000183105469,81.72000122070312,81.01000213623047,81.30999755859375,4285400
2024-04-17,78.91000366210938,78.91000366210938,80.95999908447266,78.69000244140625,80.27999877929688,5967300
2024-04-18,78.77999877929688,78.77999877929688,79.48999786376953,78.19999694824219,79.12000274658203,4529600
2024-04-19,78.8499984741211,78.8499984741211,79.52999877929688,78.55999755859375,78.72000122070312,7608800
2024-04-22,78.77999877929688,78.77999877929688,78.98999786376953,77.56999969482422,77.86000061035156,3299600
2024-04-23,79.9800033569336,79.9800033569336,80.0999984741211,78.16000366210938,78.25,3355400
2024-04-24,79.63999938964844,79.63999938964844,80.25,79.16000366210938,79.70999908447266,3662900
2024-04-25,80.44000244140625,80.44000244140625,80.48999786376953,78.75,79.56999969482422,3009000
2024-04-26,80.38999938964844,80.38999938964844,80.97000122070312,80.05999755859375,80.97000122070312,1605300
2024-04-29,79.5,79.5,80.33000183105469,79.16999816894531,80.06999969482422,3934100
2024-04-30,78.37999725341797,78.37999725341797,79.22000122070312,77.79000091552734,78.93000030517578,3829200
2024-05-01,75.93000030517578,75.93000030517578,78.37999725341797,75.76000213623047,77.37000274658203,5965400
2024-05-02,75.93000030517578,75.93000030517578,76.4000015258789,75.37000274658203,76.0999984741211,4710000
2024-05-03,75.12999725341797,75.12999725341797,75.91999816894531,75.0199966430664,75.73999786376953,2875100
2024-05-06,75.66000366210938,75.66000366210938,75.9800033569336,74.95999908447266,75.54000091552734,6195900
2024-05-07,75.5,75.5,76.16000366210938,74.63999938964844,75.25,4327400
2024-05-08,76.11000061035156,76.11000061035156,76.18000030517578,74.55000305175781,74.72000122070312,2423800
2024-05-09,76.5199966430664,76.5199966430664,76.55999755859375,75.87999725341797,76.06999969482422,2240300
2024-05-10,75.30000305175781,75.30000305175781,76.83000183105469,75.23999786376953,76.68000030517578,2746600
2024-05-13,76.12999725341797,76.12999725341797,76.43000030517578,75.5999984741211,75.72000122070312,3055300
2024-05-14,75.20999908447266,75.20999908447266,75.87000274658203,74.83999633789062,75.30000305175781,2186600
2024-05-15,75.87999725341797,75.87999725341797,75.87999725341797,73.87999725341797,74.44999694824219,3660000
2024-05-16,76.25,76.25,76.73999786376953,75.93000030517578,76.63999938964844,3195900
2024-05-17,76.97000122070312,76.97000122070312,77.11000061035156,76.16000366210938,76.3499984741211,2019100
2024-05-20,76.7300033569336,76.7300033569336,77.55000305175781,76.18000030517578,76.55000305175781,2040500
2024-05-21,76.16000366210938,76.16000366210938,76.52999877929688,75.52999877929688,75.98999786376953,2009600
2024-05-22,74.87000274658203,74.87000274658203,75.9000015258789,74.81999969482422,75.20999908447266,2337200
2024-05-23,74.44999694824219,74.44999694824219,76.18000030517578,74.04000091552734,75.95999908447266,1915600
2024-05-24,75.3499984741211,75.3499984741211,75.5999984741211,74.7300033569336,74.87999725341797,1164400
2024-05-28,77.66000366210938,77.66000366210938,77.77999877929688,76.56999969482422,76.76000213623047,2300500
2024-05-29,76.56999969482422,76.56999969482422,77.66999816894531,76.55999755859375,77.66000366210938,1619000
2024-05-30,75.52999877929688,75.52999877929688,76.72000122070312,75.25,76.05000305175781,2332200
2024-05-31,74.81999969482422,74.81999969482422,75.83999633789062,74.33000183105469,75.62999725341797,2038300
2024-06-03,71.83000183105469,71.83000183105469,73.93000030517578,71.76000213623047,73.93000030517578,5763800
2024-06-04,71.08999633789062,71.08999633789062,71.44999694824219,70.44000244140625,70.95999908447266,2421100
2024-06-05,71.88999938964844,71.88999938964844,71.9800033569336,70.76000213623047,71.4000015258789,2058500
2024-06-06,73.26000213623047,73.26000213623047,73.47000122070312,71.95999908447266,72.12000274658203,1933300
2024-06-07,73.0199966430664,73.0199966430664,73.91999816894531,72.95999908447266,73.55999755859375,2049500
2024-06-10,75.45999908447266,75.45999908447266,75.55000305175781,73.55999755859375,73.77999877929688,4020300
2024-06-11,75.51000213623047,75.51000213623047,75.98999786376953,74.91000366210938,75.33999633789062,1891700
2024-06-12,75.9800033569336,75.9800033569336,76.91999816894531,75.56999969482422,76.83000183105469,2465300
2024-06-13,75.73999786376953,75.73999786376953,76.5199966430664,75.69000244140625,76.30999755859375,1685400
2024-06-14,76.08000183105469,76.08000183105469,76.77999877929688,75.83999633789062,76.62000274658203,2347100
2024-06-17,77.79000091552734,77.79000091552734,77.9800033569336,76.55000305175781,76.66000366210938,2589800
2024-06-18,78.66999816894531,78.66999816894531,78.83000183105469,77.76000213623047,77.87999725341797,1757300
2024-06-20,79.41000366210938,79.41000366210938,79.52999877929688,78.8499984741211,79.27999877929688,1446500
2024-06-21,78.6500015258789,78.6500015258789,79.79000091552734,78.4000015258789,79.44000244140625,1525500
2024-06-24,79.69999694824219,79.69999694824219,79.80000305175781,78.48999786376953,78.5199966430664,1402400
2024-06-25,78.9000015258789,78.9000015258789,79.83000183105469,78.75,79.47000122070312,1268100
2024-06-26,78.75,78.75,79.55000305175781,78.2699966430664,78.94000244140625,1581900
2024-06-27,79.91999816894531,79.91999816894531,80.02999877929688,79.22000122070312,79.69999694824219,1785700
2024-06-28,79.58999633789062,79.58999633789062,80.04000091552734,79.08000183105469,80.02999877929688,1359600
2024-07-01,81.54000091552734,81.54000091552734,81.69000244140625,79.81999969482422,80.20999908447266,2272800
2024-07-02,81.11000061035156,81.11000061035156,82.0199966430664,80.83000183105469,81.9800033569336,1182500
2024-07-03,81.2699966430664,81.2699966430664,81.5999984741211,80.56999969482422,80.94999694824219,734700
2024-07-05,81.30999755859375,81.30999755859375,82.5999984741211,81.2300033569336,82.01000213623047,1979700
2024-07-08,80.41999816894531,80.41999816894531,81.0199966430664,80.29000091552734,80.58999633789062,2029600
2024-07-09,79.7699966430664,79.7699966430664,80.6500015258789,79.45999908447266,80.12000274658203,1913000
2024-07-10,80.4800033569336,80.4800033569336,80.69000244140625,79.18000030517578,79.41999816894531,2291900
2024-07-11,80.94000244140625,80.94000244140625,80.98999786376953,79.7300033569336,79.93000030517578,2998200
2024-07-12,80.25,80.25,81.31999969482422,80.11000061035156,81.25,3003800
2024-07-15,80.12000274658203,80.12000274658203,80.37999725341797,79.56999969482422,80.26000213623047,2206700
2024-07-16,79.05999755859375,79.05999755859375,79.41000366210938,78.68000030517578,78.68000030517578,2012200
2024-07-17,80.62000274658203,80.62000274658203,80.70999908447266,79.94999694824219,80.0,2459300
2024-07-18,79.9000015258789,79.9000015258789,81.08999633789062,79.83999633789062,80.58999633789062,1425500
2024-07-19,78.0,78.0,80.22000122070312,77.86000061035156,79.51000213623047,2636000
2024-07-22,77.62000274658203,77.62000274658203,77.75,76.86000061035156,77.16999816894531,1556600
2024-07-23,76.62000274658203,76.62000274658203,77.12999725341797,75.72000122070312,76.95999908447266,3124100
2024-07-24,76.80999755859375,76.80999755859375,77.4800033569336,76.30000305175781,76.87000274658203,2129200
2024-07-25,77.45999908447266,77.45999908447266,77.77999877929688,75.54000091552734,76.16999816894531,1824000
2024-07-26,76.11000061035156,76.11000061035156,76.94000244140625,75.55000305175781,76.81999969482422,2125100
2024-07-29,75.19000244140625,75.19000244140625,76.98999786376953,74.73999786376953,76.7300033569336,1955400
2024-07-30,74.45999908447266,74.45999908447266,74.7699966430664,74.0,74.44999694824219,3304600
2024-07-31,77.73999786376953,77.73999786376953,77.91000366210938,75.9000015258789,76.33000183105469,4582800
2024-08-01,76.29000091552734,76.29000091552734,77.8499984741211,75.63999938964844,77.79000091552734,3633500
2024-08-02,73.38999938964844,73.38999938964844,73.81999969482422,72.43000030517578,73.80999755859375,5001300
2024-08-05,73.22000122070312,73.22000122070312,73.26000213623047,71.83000183105469,71.94000244140625,3939500
2024-08-06,72.44999694824219,72.44999694824219,73.38999938964844,71.7300033569336,71.7699966430664,3377900
2024-08-07,74.69000244140625,74.69000244140625,75.16999816894531,73.69000244140625,73.94000244140625,4944000
2024-08-08,75.36000061035156,75.36000061035156,75.80000305175781,74.44000244140625,74.52999877929688,3034300
2024-08-09,76.22000122070312,76.22000122070312,76.3499984741211,75.25,75.66999816894531,2923600
2024-08-12,78.62999725341797,78.62999725341797,79.16999816894531,76.93000030517578,77.19000244140625,4745000
2024-08-13,77.63999938964844,77.63999938964844,78.45999908447266,77.30999755859375,78.37999725341797,2300800
2024-08-14,76.58999633789062,76.58999633789062,77.75,76.30000305175781,77.5999984741211,1721700
2024-08-15,77.41000366210938,77.41000366210938,78.0,77.1500015258789,77.29000091552734,1640500
2024-08-16,76.31999969482422,76.31999969482422,76.6500015258789,75.69000244140625,76.2300033569336,2476000
2024-08-19,74.37999725341797,74.37999725341797,76.37999725341797,74.08999633789062,76.25,4881200
2024-08-20,73.83000183105469,73.83000183105469,75.0199966430664,73.68000030517578,74.73999786376953,2761700
2024-08-21,72.5999984741211,72.5999984741211,74.80999755859375,72.11000061035156,74.31999969482422,2769800
2024-08-22,73.58000183105469,73.58000183105469,74.16999816894531,72.70999908447266,72.83000183105469,3170300
2024-08-23,75.55000305175781,75.55000305175781,75.76000213623047,74.87000274658203,74.98999786376953,3008600
2024-08-26,77.83000183105469,77.83000183105469,78.31999969482422,77.62000274658203,78.06999969482422,4196800
2024-08-27,76.48999786376953,76.48999786376953,77.5999984741211,76.13999938964844,77.38999938964844,3537500
2024-08-28,75.4800033569336,75.4800033569336,76.2300033569336,74.80000305175781,75.4000015258789,1852500
2024-08-29,76.7699966430664,76.7699966430664,77.6500015258789,76.0999984741211,76.7699966430664,4062000
2024-08-30,74.33999633789062,74.33999633789062,75.22000122070312,74.12000274658203,75.19000244140625,3341400
2024-09-03,71.08999633789062,71.08999633789062,72.1500015258789,70.8499984741211,72.1500015258789,4967800
2024-09-04,69.61000061035156,69.61000061035156,71.5,69.55000305175781,70.62000274658203,4701400
2024-09-05,69.88999938964844,69.88999938964844,71.52999877929688,69.51000213623047,70.7300033569336,3482600
2024-09-06,68.93000030517578,68.93000030517578,70.87000274658203,67.91000366210938,70.55000305175781,3708600
2024-09-09,69.2699966430664,69.2699966430664,69.66000366210938,68.05000305175781,68.48999786376953,2685200
2024-09-10,66.95999908447266,66.95999908447266,69.48999786376953,66.0199966430664,69.44999694824219,4038100
2024-09-11,67.8499984741211,67.8499984741211,68.62000274658203,66.37000274658203,67.8499984741211,3143200
2024-09-12,69.88999938964844,69.88999938964844,70.45999908447266,68.52999877929688,69.06999969482422,4035600
2024-09-13,69.83999633789062,69.83999633789062,70.93000030517578,69.12000274658203,70.19999694824219,2453000
2024-09-16,70.87999725341797,70.87999725341797,71.22000122070312,70.12999725341797,70.61000061035156,3317900
2024-09-17,71.72000122070312,71.72000122070312,72.29000091552734,70.83999633789062,70.9000015258789,1952300
2024-09-18,70.66000366210938,70.66000366210938,71.94000244140625,70.58000183105469,71.01000213623047,2443800
2024-09-19,72.75,72.75,73.20999908447266,71.79000091552734,72.22000122070312,4126900
2024-09-20,72.91999816894531,72.91999816894531,73.13999938964844,72.05000305175781,72.41999816894531,1353300
2024-09-23,72.25,72.25,73.52999877929688,71.16999816894531,72.95999908447266,2837700
2024-09-24,73.29000091552734,73.29000091552734,73.86000061035156,72.83000183105469,73.8499984741211,2387000
2024-09-25,71.4800033569336,71.4800033569336,72.80000305175781,70.94000244140625,72.3499984741211,3469200
2024-09-26,69.01000213623047,69.01000213623047,70.12000274658203,68.5999984741211,69.22000122070312,4593800
2024-09-27,70.2699966430664,70.2699966430664,70.31999969482422,68.80000305175781,69.30000305175781,3214700
2024-09-30,69.91999816894531,69.91999816894531,70.87000274658203,69.41999816894531,69.95999908447266,2338500
2024-10-01,72.11000061035156,72.11000061035156,73.7300033569336,69.29000091552734,69.33999633789062,13945000
2024-10-02,72.76000213623047,72.76000213623047,74.20999908447266,71.62000274658203,73.94999694824219,4093000
2024-10-03,75.7300033569336,75.7300033569336,75.9000015258789,73.44999694824219,73.73999786376953,7082200
2024-10-04,76.3499984741211,76.3499984741211,77.4000015258789,75.76000213623047,76.20999908447266,5843100
2024-10-07,79.19999694824219,79.19999694824219,79.30999755859375,77.29000091552734,77.41999816894531,4353500
2024-10-08,75.79000091552734,75.79000091552734,76.94000244140625,74.56999969482422,76.83000183105469,8048000
2024-10-09,75.25,75.25,75.36000061035156,73.41000366210938,74.11000061035156,6501500
2024-10-10,77.7699966430664,77.7699966430664,78.04000091552734,75.76000213623047,76.1500015258789,4533100
2024-10-11,77.48999786376953,77.48999786376953,77.87999725341797,76.69000244140625,77.01000213623047,3642400
2024-10-14,75.93000030517578,75.93000030517578,76.6500015258789,75.4800033569336,76.05999755859375,3943200
2024-10-15,72.76000213623047,72.76000213623047,72.94999694824219,71.66999816894531,72.2699966430664,4116700
2024-10-16,72.4000015258789,72.4000015258789,72.66999816894531,71.52999877929688,72.37999725341797,2195300
2024-10-17,72.62000274658203,72.62000274658203,72.83999633789062,71.30999755859375,72.05000305175781,2541700
2024-10-18,71.37999725341797,71.37999725341797,71.91999816894531,70.56999969482422,71.73999786376953,4342300
2024-10-21,72.26000213623047,72.26000213623047,72.87000274658203,71.70999908447266,72.4000015258789,2941400
2024-10-22,73.9800033569336,73.9800033569336,74.6500015258789,73.0,73.19000244140625,3782100
2024-10-23,73.55000305175781,73.55000305175781,74.02999877929688,72.91000366210938,73.48999786376953,2413400
2024-10-24,73.05999755859375,73.05999755859375,74.08000183105469,72.2699966430664,73.75,2218600
2024-10-25,74.2300033569336,74.2300033569336,74.48999786376953,73.36000061035156,73.80000305175781,3676100
2024-10-28,70.43000030517578,70.43000030517578,70.63999938964844,69.66999816894531,69.7699966430664,7429100
2024-10-29,69.66000366210938,69.66000366210938,70.30999755859375,69.13999938964844,70.12000274658203,4015900
2024-10-30,71.36000061035156,71.36000061035156,71.62999725341797,70.36000061035156,70.66999816894531,3934400
2024-10-31,73.08000183105469,73.08000183105469,73.3499984741211,71.44000244140625,71.80999755859375,9183500
2024-11-01,72.0199966430664,72.0199966430664,73.80000305175781,71.94999694824219,73.62999725341797,4533400
2024-11-04,74.29000091552734,74.29000091552734,74.43000030517578,73.27999877929688,73.86000061035156,3240200
2024-11-05,74.7300033569336,74.7300033569336,75.33999633789062,74.05000305175781,74.91999816894531,2839500
2024-11-06,74.54000091552734,74.54000091552734,75.31999969482422,73.2300033569336,73.2300033569336,4179100
2024-11-07,74.66000366210938,74.66000366210938,75.55999755859375,73.51000213623047,74.01000213623047,3133400
2024-11-08,73.12999725341797,73.12999725341797,73.94000244140625,72.66000366210938,73.83999633789062,2984700
2024-11-11,70.94000244140625,70.94000244140625,71.44999694824219,70.63999938964844,71.20999908447266,3272100
2024-11-12,70.69000244140625,70.69000244140625,71.8499984741211,70.5,71.77999877929688,1905500
2024-11-13,70.7300033569336,70.7300033569336,71.5,69.5999984741211,70.33000183105469,3449100
2024-11-14,71.29000091552734,71.29000091552734,72.08999633789062,70.81999969482422,72.05999755859375,2088900
2024-11-15,69.75,69.75,71.3499984741211,69.55999755859375,70.87000274658203,3629400
2024-11-18,72.06999969482422,72.06999969482422,72.30999755859375,70.9000015258789,70.93000030517578,3112000
2024-11-19,72.30999755859375,72.30999755859375,72.70999908447266,71.4000015258789,72.4000015258789,3959400
2024-11-20,72.0199966430664,72.0199966430664,72.83999633789062,71.5999984741211,72.83999633789062,1362400
2024-11-21,73.19999694824219,73.19999694824219,73.26000213623047,72.38999938964844,73.12999725341797,1848100
2024-11-22,74.25,74.25,74.58000183105469,72.94000244140625,73.0999984741211,2573800
2024-11-25,72.0999984741211,72.0999984741211,73.44000244140625,71.7300033569336,72.94000244140625,3299000
2024-11-26,71.61000061035156,71.61000061035156,73.33999633789062,71.01000213623047,72.5199966430664,2882200
2024-11-27,71.72000122070312,71.72000122070312,72.30000305175781,71.16000366210938,71.62999725341797,1575900
2024-11-29,71.61000061035156,71.61000061035156,72.73999786376953,71.51000213623047,72.31999969482422,1757600
2024-12-02,71.04000091552734,71.04000091552734,71.94999694824219,70.69999694824219,71.87000274658203,3553900
2024-12-03,73.04000091552734,73.04000091552734,73.31999969482422,71.80000305175781,72.16000366210938,3199100
2024-12-04,71.87999725341797,71.87999725341797,73.44999694824219,71.5199966430664,73.41000366210938,2784100
2024-12-05,71.47000122070312,71.47000122070312,72.16999816894531,71.22000122070312,71.94999694824219,1525200
2024-12-06,70.23999786376953,70.23999786376953,70.70999908447266,69.98999786376953,70.62000274658203,3083800
2024-12-09,71.16999816894531,71.16999816894531,71.97000122070312,71.16000366210938,71.2300033569336,2061700
2024-12-10,71.4000015258789,71.4000015258789,72.12999725341797,71.31999969482422,71.54000091552734,2475900
2024-12-11,73.33000183105469,73.33000183105469,73.58999633789062,72.1500015258789,72.58000183105469,3061900
2024-12-12,73.20999908447266,73.20999908447266,73.58000183105469,72.19000244140625,72.9000015258789,2830100
2024-12-13,74.20999908447266,74.20999908447266,74.5,73.55000305175781,73.62000274658203,2713400
2024-12-16,73.69999694824219,73.69999694824219,74.30000305175781,73.61000061035156,74.1500015258789,1947900
2024-12-17,73.30000305175781,73.30000305175781,73.3499984741211,72.30999755859375,72.95999908447266,2140100
2024-12-18,72.94000244140625,72.94000244140625,74.37999725341797,72.91999816894531,73.66999816894531,2338100
2024-12-19,72.61000061035156,72.61000061035156,74.11000061035156,72.61000061035156,73.93000030517578,2099400
2024-12-20,73.0999984741211,73.0999984741211,73.41000366210938,71.95999908447266,72.2699966430664,1599800
2024-12-23,73.05999755859375,73.05999755859375,73.06999969482422,72.0999984741211,72.91000366210938,1894400
2024-12-24,73.6500015258789,73.6500015258789,74.02999877929688,73.44999694824219,73.69999694824219,1011800
2024-12-26,73.12999725341797,73.12999725341797,74.37999725341797,72.9000015258789,74.26000213623047,1808600
2024-12-27,73.8499984741211,73.8499984741211,74.4000015258789,73.69000244140625,74.0999984741211,1462000
2024-12-30,74.81999969482422,74.81999969482422,75.2699966430664,74.45999908447266,74.86000061035156,1621000
2024-12-31,75.55000305175781,75.55000305175781,75.75,74.97000122070312,75.23999786376953,1273500
2025-01-02,76.93000030517578,76.93000030517578,77.55999755859375,76.83999633789062,76.83999633789062,3269400
2025-01-03,77.91999816894531,77.91999816894531,78.22000122070312,77.26000213623047,77.41000366210938,1875300
2025-01-06,77.30000305175781,77.30000305175781,78.9000015258789,77.05999755859375,78.43000030517578,2141800
2025-01-07,78.16999816894531,78.16999816894531,78.44000244140625,77.69999694824219,78.12999725341797,3912400
2025-01-08,77.30000305175781,77.30000305175781,78.45999908447266,77.05999755859375,78.3499984741211,3259100
2025-01-10,80.63999938964844,80.63999938964844,81.81999969482422,79.37000274658203,81.54000091552734,5048700
2025-01-13,82.2300033569336,82.2300033569336,82.81999969482422,81.37000274658203,81.51000213623047,5060500
2025-01-14,81.66999816894531,81.66999816894531,82.08000183105469,81.20999908447266,81.9000015258789,4679800
2025-01-15,84.33999633789062,84.33999633789062,84.58000183105469,82.27999877929688,82.27999877929688,4891900
2025-01-16,82.94000244140625,82.94000244140625,83.5999984741211,81.98999786376953,83.48999786376953,3607100
2025-01-17,82.5199966430664,82.5199966430664,83.0,82.2300033569336,82.5199966430664,2297600
2025-01-21,81.11000061035156,81.11000061035156,81.33999633789062,80.44999694824219,80.62000274658203,2410900
2025-01-22,80.43000030517578,80.43000030517578,81.20999908447266,80.31999969482422,80.72000122070312,2798000
2025-01-23,79.20999908447266,79.20999908447266,81.04000091552734,79.16000366210938,80.55999755859375,3803200
2025-01-24,79.5999984741211,79.5999984741211,80.22000122070312,79.0199966430664,80.06999969482422,1922700
2025-01-27,77.93000030517578,77.93000030517578,79.54000091552734,77.2300033569336,79.27999877929688,1954800
2025-01-28,78.86000061035156,78.86000061035156,78.94999694824219,77.80999755859375,78.87000274658203,1592300
2025-01-29,77.77999877929688,77.77999877929688,78.6500015258789,77.18000030517578,78.0199966430664,1670500
2025-01-30,77.75,77.75,78.7699966430664,77.45999908447266,77.7699966430664,2238600
2025-01-31,78.0199966430664,78.0199966430664,78.26000213623047,76.76000213623047,77.5999984741211,3538900
2025-02-03,77.81999969482422,77.81999969482422,78.7699966430664,76.94000244140625,78.41999816894531,4200200
2025-02-04,77.51000213623047,77.51000213623047,78.30000305175781,75.5999984741211,75.69999694824219,6136900
2025-02-05,76.08999633789062,76.08999633789062,77.0,75.83000183105469,76.56999969482422,1985200
2025-02-06,75.44999694824219,75.44999694824219,76.7300033569336,75.2699966430664,76.36000061035156,2168400
2025-02-07,75.86000061035156,75.86000061035156,76.29000091552734,75.45999908447266,76.22000122070312,2013900
2025-02-10,77.4000015258789,77.4000015258789,77.51000213623047,76.61000061035156,76.94000244140625,2814500
2025-02-11,78.2699966430664,78.2699966430664,78.48999786376953,77.87000274658203,78.37000274658203,2284100
2025-02-12,76.31999969482422,76.31999969482422,77.45999908447266,76.29000091552734,77.1500015258789,4918700
2025-02-13,76.38999938964844,76.38999938964844,76.47000122070312,75.58000183105469,75.68000030517578,1897100
2025-02-14,75.81999969482422,75.81999969482422,76.73999786376953,75.62999725341797,76.58000183105469,2426000
2025-02-18,76.95999908447266,76.95999908447266,77.11000061035156,76.3499984741211,76.69000244140625,2324900
2025-02-19,77.44999694824219,77.44999694824219,78.19999694824219,77.2300033569336,78.05999755859375,1554200
2025-02-20,77.76000213623047,77.76000213623047,78.47000122070312,77.62000274658203,77.91999816894531,1627000
2025-02-21,75.3499984741211,75.3499984741211,76.8499984741211,75.33999633789062,76.69999694824219,2749100
2025-02-24,75.97000122070312,75.97000122070312,76.13999938964844,75.44999694824219,75.70999908447266,2930800
2025-02-25,74.12999725341797,74.12999725341797,75.61000061035156,73.73999786376953,75.5999984741211,2386600
2025-02-26,73.8499984741211,73.8499984741211,74.2699966430664,73.41000366210938,73.91000366210938,3229400
2025-02-27,75.27999877929688,75.27999877929688,75.79000091552734,74.69000244140625,75.0199966430664,2641900
2025-02-28,75.22000122070312,75.22000122070312,75.47000122070312,74.25,74.58000183105469,2351600
2025-03-03,73.31999969482422,73.31999969482422,75.55999755859375,72.93000030517578,75.33000183105469,3996300
2025-03-04,73.30999755859375,73.30999755859375,73.61000061035156,71.70999908447266,72.75,2030600
2025-03-05,71.41999816894531,71.41999816894531,71.48999786376953,70.08999633789062,71.4000015258789,3811000
2025-03-06,71.12999725341797,71.12999725341797,72.0199966430664,70.48999786376953,71.37000274658203,3038700
2025-03-07,72.08999633789062,72.08999633789062,73.30999755859375,71.7699966430664,72.73999786376953,4195700
2025-03-10,70.88999938964844,70.88999938964844,72.25,70.73999786376953,72.05999755859375,1777100
2025-03-11,71.44999694824219,71.44999694824219,72.16999816894531,70.9800033569336,71.80000305175781,1876200
2025-03-12,72.80000305175781,72.80000305175781,72.97000122070312,72.04000091552734,72.31999969482422,2389100
2025-03-13,71.62000274658203,71.62000274658203,72.44000244140625,71.41000366210938,72.08000183105469,3119100
2025-03-14,72.27999877929688,72.27999877929688,72.43000030517578,71.6500015258789,71.88999938964844,2054600
2025-03-17,72.70999908447266,72.70999908447266,73.16999816894531,72.43000030517578,72.9800033569336,2873700
2025-03-18,72.20999908447266,72.20999908447266,73.48999786376953,71.97000122070312,73.38999938964844,2739000
2025-03-19,72.41999816894531,72.41999816894531,72.87999725341797,71.93000030517578,72.08000183105469,1747400
2025-03-20,73.7300033569336,73.7300033569336,73.80000305175781,72.04000091552734,72.2300033569336,2523100
2025-03-21,73.79000091552734,73.79000091552734,73.95999908447266,73.13999938964844,73.38999938964844,1528800
2025-03-24,74.87999725341797,74.87999725341797,74.97000122070312,73.94000244140625,74.12999725341797,2755300
2025-03-25,74.81999969482422,74.81999969482422,75.36000061035156,74.12000274658203,75.2300033569336,1922900
2025-03-26,75.41999816894531,75.41999816894531,75.94000244140625,75.12999725341797,75.33999633789062,2469600
2025-03-27,75.4800033569336,75.4800033569336,75.68000030517578,74.77999877929688,75.26000213623047,1590800
2025-03-28,74.7699966430664,74.7699966430664,75.54000091552734,74.54000091552734,75.5199966430664,2430300
2025-03-31,77.33000183105469,77.33000183105469,77.72000122070312,75.27999877929688,75.5199966430664,3147400
2025-04-01,77.08000183105469,77.08000183105469,78.01000213623047,76.87999725341797,77.5999984741211,2753900
2025-04-02,77.73999786376953,77.73999786376953,77.86000061035156,76.69000244140625,76.72000122070312,2808400
2025-04-03,72.25,72.25,72.69999694824219,71.44000244140625,72.16000366210938,6279800
2025-04-04,67.91999816894531,67.91999816894531,68.41999816894531,65.5,66.9000015258789,9319900
2025-04-07,65.9800033569336,65.9800033569336,69.19999694824219,64.94000244140625,65.63999938964844,7869100
2025-04-08,63.34000015258789,63.34000015258789,66.80000305175781,62.7400016784668,66.5999984741211,8411300
2025-04-09,67.58000183105469,67.58000183105469,68.05000305175781,60.66999816894531,61.72999954223633,15313000
2025-04-10,65.31999969482422,65.31999969482422,65.47000122070312,63.599998474121094,64.7699966430664,6596700
2025-04-11,66.45999908447266,66.45999908447266,66.79000091552734,64.5,64.6500015258789,4386200
2025-04-14,66.66000366210938,66.66000366210938,67.12999725341797,65.62000274658203,67.12000274658203,3146200
2025-04-15,66.4800033569336,66.4800033569336,66.91999816894531,65.91999816894531,66.47000122070312,1779200
2025-04-16,67.75,67.75,67.97000122070312,66.98999786376953,66.98999786376953,5452100
2025-04-17,69.4800033569336,69.4800033569336,70.05000305175781,68.1500015258789,68.3499984741211,4776800
2025-04-21,68.62000274658203,68.62000274658203,68.66000366210938,67.44000244140625,68.2699966430664,2343000
2025-04-22,69.37000274658203,69.37000274658203,70.2699966430664,68.72000122070312,68.88999938964844,4499000
2025-04-23,68.05000305175781,68.05000305175781,69.80999755859375,67.19000244140625,68.98999786376953,8908500
2025-04-24,68.45999908447266,68.45999908447266,68.86000061035156,67.69999694824219,68.6500015258789,4336600
2025-04-25,69.02999877929688,69.02999877929688,69.18000030517578,68.04000091552734,68.05000305175781,3272100
2025-04-28,67.76000213623047,67.76000213623047,69.04000091552734,67.16999816894531,68.87000274658203,3232700
2025-04-29,65.8499984741211,65.8499984741211,66.80999755859375,65.83000183105469,66.69000244140625,4650000
2025-04-30,63.560001373291016,63.560001373291016,65.72000122070312,63.29999923706055,65.44999694824219,10236300
2025-05-01,64.5199966430664,64.5199966430664,65.08000183105469,63.099998474121094,63.59000015258789,10673900
2025-05-02,64.01000213623047,64.01000213623047,64.5999984741211,63.11000061035156,64.52999877929688,7095900
2025-05-05,62.369998931884766,62.369998931884766,63.02000045776367,61.75,62.849998474121094,4867100
2025-05-06,64.5999984741211,64.5999984741211,65.41000366210938,64.45999908447266,64.69999694824219,5745700
2025-05-07,63.5099983215332,63.5099983215332,64.66999816894531,63.2599983215332,64.41000366210938,4008500
2025-05-08,65.5999984741211,65.5999984741211,65.73999786376953,64.43000030517578,64.44000244140625,4643900
2025-05-09,66.61000061035156,66.61000061035156,66.81999969482422,65.87000274658203,65.95999908447266,4361300
2025-05-12,67.5999984741211,67.5999984741211,69.27999877929688,67.4800033569336,69.08000183105469,4861900
2025-05-13,69.58999633789062,69.58999633789062,69.87999725341797,68.4000015258789,68.44999694824219,4728000
2025-05-14,68.7300033569336,68.7300033569336,69.55000305175781,68.69999694824219,69.27999877929688,2802500
2025-05-15,67.58999633789062,67.58999633789062,67.79000091552734,66.87000274658203,67.41000366210938,5263400
2025-05-16,68.0999984741211,68.0999984741211,68.54000091552734,67.41999816894531,67.83000183105469,3769400
2025-05-19,68.51000213623047,68.51000213623047,69.0999984741211,67.87999725341797,68.11000061035156,5136900
2025-05-20,68.66000366210938,68.66000366210938,68.80000305175781,67.77999877929688,68.37000274658203,2786100
2025-05-21,67.58999633789062,67.58999633789062,69.16000366210938,67.56999969482422,69.13999938964844,5467400
2025-05-22,67.13999938964844,67.13999938964844,67.55000305175781,66.56999969482422,66.87999725341797,3512500
2025-05-23,67.98999786376953,67.98999786376953,68.22000122070312,66.95999908447266,66.97000122070312,4285000
2025-05-27,67.27999877929688,67.27999877929688,67.5999984741211,66.47000122070312,67.4800033569336,3938200
2025-05-28,67.88999938964844,67.88999938964844,68.95999908447266,67.83000183105469,68.33000183105469,5201800
2025-05-29,67.19000244140625,67.19000244140625,67.63999938964844,66.77999877929688,67.62999725341797,4856200
2025-05-30,67.1500015258789,67.1500015258789,67.25,65.95999908447266,67.0999984741211,8793200
2025-06-02,69.55000305175781,69.55000305175781,70.04000091552734,68.63999938964844,69.98999786376953,7125100
2025-06-03,69.88999938964844,69.88999938964844,70.5,69.37000274658203,69.62000274658203,3996900
2025-06-04,69.33999633789062,69.33999633789062,70.55999755859375,68.63999938964844,70.0,6455200
2025-06-05,69.93000030517578,69.93000030517578,70.61000061035156,69.79000091552734,70.43000030517578,2613700
2025-06-06,71.37999725341797,71.37999725341797,71.5199966430664,70.36000061035156,70.36000061035156,3488000
2025-06-09,72.05000305175781,72.05000305175781,72.18000030517578,71.08000183105469,71.4000015258789,2893900
2025-06-10,71.5999984741211,71.5999984741211,73.06999969482422,71.26000213623047,72.16999816894531,5541900
2025-06-11,74.81999969482422,74.81999969482422,75.31999969482422,72.80000305175781,73.0199966430664,8888000
2025-06-12,75.05000305175781,75.05000305175781,75.41000366210938,73.75,74.01000213623047,11696900
2025-06-13,80.22000122070312,80.22000122070312,81.13999938964844,78.63999938964844,80.47000122070312,33971200
2025-06-16,78.58999633789062,78.58999633789062,79.5999984741211,76.25,79.01000213623047,40622400
2025-06-17,82.30000305175781,82.30000305175781,82.88999938964844,80.08999633789062,80.44000244140625,26239300
2025-06-18,82.2699966430664,82.2699966430664,83.45999908447266,80.16000366210938,83.0999984741211,36772300
2025-06-20,83.12000274658203,83.12000274658203,83.37999725341797,81.86000061035156,82.25,14229000
2025-06-23,76.41000366210938,76.41000366210938,83.56999969482422,76.41000366210938,83.25,50659400
2025-06-24,73.0,73.0,73.86000061035156,71.97000122070312,73.33999633789062,16119600
2025-06-25,73.30999755859375,73.30999755859375,74.2300033569336,72.79000091552734,72.93000030517578,12401000
2025-06-26,73.58999633789062,73.58999633789062,74.68000030517578,73.08999633789062,73.62999725341797,9514900
2025-06-27,73.27999877929688,73.27999877929688,74.33999633789062,72.87000274658203,74.0199966430664,11610800
2025-06-30,73.11000061035156,73.11000061035156,73.62999725341797,72.72000122070312,73.4800033569336,5917500
2025-07-01,73.93000030517578,73.93000030517578,74.04000091552734,73.31999969482422,73.61000061035156,4425200
2025-07-02,75.58999633789062,75.58999633789062,76.0199966430664,73.51000213623047,74.31999969482422,6491400
2025-07-03,75.19000244140625,75.19000244140625,75.91999816894531,74.87999725341797,75.41000366210938,4394800
2025-07-07,76.4800033569336,76.4800033569336,76.88999938964844,75.56999969482422,75.83999633789062,6155000
2025-07-08,76.95999908447266,76.95999908447266,77.58999633789062,76.05000305175781,76.18000030517578,4287200
2025-07-09,76.93000030517578,76.93000030517578,77.5199966430664,76.27999877929688,76.44999694824219,3839700
2025-07-10,75.38999938964844,75.38999938964844,75.91999816894531,74.95999908447266,75.37000274658203,6704000
2025-07-11,77.29000091552734,77.29000091552734,77.3499984741211,76.08000183105469,76.08999633789062,4487200
2025-07-14,75.62000274658203,75.62000274658203,77.2699966430664,75.5,77.2699966430664,7289700
2025-07-15,75.26000213623047,75.26000213623047,75.87999725341797,74.94000244140625,75.30999755859375,5941400
2025-07-16,75.19000244140625,75.19000244140625,75.33000183105469,73.98999786376953,74.20999908447266,6178100
2025-07-17,76.16000366210938,76.16000366210938,76.26000213623047,74.87000274658203,75.01000213623047,4350000
2025-07-18,75.93000030517578,75.93000030517578,77.30999755859375,75.80000305175781,76.97000122070312,7583500
2025-07-21,75.58999633789062,75.58999633789062,75.91000366210938,74.98999786376953,75.62000274658203,2884800
2025-07-22,75.3499984741211,75.3499984741211,75.47000122070312,74.55000305175781,75.05999755859375,3946300
2025-07-23,75.27999877929688,75.27999877929688,75.33000183105469,74.44000244140625,74.80999755859375,4811500
2025-07-24,76.08999633789062,76.08999633789062,76.33999633789062,75.1500015258789,75.87000274658203,5938400
2025-07-25,74.8499984741211,74.8499984741211,76.11000061035156,74.80000305175781,76.11000061035156,3287400
2025-07-28,77.16999816894531,77.16999816894531,77.23999786376953,76.20999908447266,76.69999694824219,3796800
2025-07-29,79.80000305175781,79.80000305175781,80.23999786376953,77.33999633789062,77.44999694824219,7928200
2025-07-30,81.04000091552734,81.04000091552734,81.12999725341797,79.7300033569336,80.16000366210938,4957400
2025-07-31,79.58999633789062,79.58999633789062,80.41999816894531,78.91999816894531,79.86000061035156,3817100
2025-08-01,77.45999908447266,77.45999908447266,79.83000183105469,77.19000244140625,79.70999908447266,7087100
2025-08-04,76.11000061035156,76.11000061035156,77.16000366210938,75.45999908447266,75.63999938964844,5326700
2025-08-05,75.0199966430664,75.0199966430664,75.75,74.88999938964844,75.51000213623047,5894000
2025-08-06,73.79000091552734,73.79000091552734,76.83999633789062,73.31999969482422,76.30999755859375,8908700
2025-08-07,73.41999816894531,73.41999816894531,74.54000091552734,73.41999816894531,74.05999755859375,3578400
2025-08-08,73.30000305175781,73.30000305175781,74.4000015258789,72.38999938964844,73.93000030517578,5793400
2025-08-11,73.80000305175781,73.80000305175781,74.2300033569336,73.36000061035156,73.94000244140625,3307600
2025-08-12,72.94999694824219,72.94999694824219,73.58000183105469,72.80000305175781,73.22000122070312,2929300
2025-08-13,72.45999908447266,72.45999908447266,72.83000183105469,71.55999755859375,72.77999877929688,5653500
2025-08-14,73.73999786376953,73.73999786376953,73.77999877929688,72.87999725341797,73.36000061035156,4551100
2025-08-15,72.80000305175781,72.80000305175781,73.22000122070312,72.29000091552734,72.72000122070312,8046900
2025-08-18,73.16999816894531,73.16999816894531,73.62999725341797,71.80999755859375,72.3499984741211,5247900
2025-08-19,72.30000305175781,72.30000305175781,72.75,72.05999755859375,72.5,3423300
2025-08-20,73.5199966430664,73.5199966430664,73.62999725341797,72.58999633789062,73.16000366210938,3858800
2025-08-21,74.12999725341797,74.12999725341797,74.41000366210938,73.08999633789062,73.29000091552734,3185700
2025-08-22,74.63999938964844,74.63999938964844,74.7300033569336,74.12000274658203,74.27999877929688,4873300
2025-08-25,75.75,75.75,76.12000274658203,75.16999816894531,75.19000244140625,3175800
2025-08-26,74.05000305175781,74.05000305175781,75.12000274658203,73.8499984741211,74.58000183105469,3174400
2025-08-27,74.68000030517578,74.68000030517578,75.11000061035156,74.12999725341797,74.12999725341797,3322100
2025-08-28,75.23999786376953,75.23999786376953,75.66999816894531,74.11000061035156,74.94000244140625,3522000
2025-08-29,74.83999633789062,74.83999633789062,75.44999694824219,74.73999786376953,75.3499984741211,3510200
2025-09-02,76.76000213623047,76.76000213623047,76.95999908447266,75.66999816894531,76.08000183105469,5380800
2025-09-03,74.83000183105469,74.83000183105469,75.83000183105469,74.58999633789062,75.61000061035156,6270900
2025-09-04,74.18000030517578,74.18000030517578,74.55000305175781,73.75,73.87000274658203,4503100
2025-09-05,72.62999725341797,72.62999725341797,73.0199966430664,71.95999908447266,73.0199966430664,5101500
2025-09-08,73.04000091552734,73.04000091552734,73.54000091552734,72.56999969482422,73.48999786376953,3943300
2025-09-09,73.38999938964844,73.38999938964844,74.5199966430664,73.29000091552734,73.98999786376953,4228800
2025-09-10,74.70999908447266,74.70999908447266,75.05000305175781,73.79000091552734,74.0,6039000
2025-09-11,73.0,73.0,73.55000305175781,72.93000030517578,73.19000244140625,3876000
2025-09-12,73.30999755859375,73.30999755859375,74.44999694824219,73.26000213623047,74.16999816894531,4990100
2025-09-15,74.2300033569336,74.2300033569336,74.68000030517578,73.97000122070312,74.26000213623047,3985500
2025-09-16,75.66999816894531,75.66999816894531,75.86000061035156,74.80000305175781,75.08000183105469,5063900
2025-09-17,74.97000122070312,74.97000122070312,75.69999694824219,74.66999816894531,75.41000366210938,4020200
2025-09-18,74.69000244140625,74.69000244140625,75.66000366210938,74.27999877929688,75.12000274658203,4176200
2025-09-19,73.5199966430664,73.5199966430664,74.4800033569336,73.33000183105469,73.94999694824219,5958100
2025-09-22,73.44999694824219,73.44999694824219,73.58999633789062,72.72000122070312,72.80000305175781,2787100
2025-09-23,75.05000305175781,75.05000305175781,75.33000183105469,74.33000183105469,74.36000061035156,5617600
2025-09-24,76.38999938964844,76.38999938964844,76.69000244140625,75.58000183105469,75.87999725341797,3939900
2025-09-25,76.98999786376953,76.98999786376953,77.04000091552734,75.55000305175781,76.02999877929688,5736700
2025-09-26,77.0199966430664,77.0199966430664,78.31999969482422,76.93000030517578,77.05999755859375,5918400
2025-09-29,74.58999633789062,74.58999633789062,75.5,74.31999969482422,75.43000030517578,6341200
2025-09-30,73.75,73.75,74.3499984741211,73.4000015258789,73.87000274658203,7709100
2025-10-01,73.13999938964844,73.13999938964844,73.48999786376953,72.45999908447266,72.6500015258789,6348600
2025-10-02,71.54000091552734,71.54000091552734,72.95999908447266,71.27999877929688,72.27999877929688,6317200
2025-10-03,71.70999908447266,71.70999908447266,72.30000305175781,71.62999725341797,71.7699966430664,6657000
2025-10-06,72.87000274658203,72.87000274658203,73.16000366210938,72.23999786376953,72.43000030517578,5435400
2025-10-07,73.19999694824219,73.19999694824219,73.2300033569336,72.22000122070312,72.4800033569336,4845800
2025-10-08,73.52999877929688,73.52999877929688,74.12999725341797,73.25,73.5199966430664,4321100
2025-10-09,72.51000213623047,72.51000213623047,73.91000366210938,72.23999786376953,73.80999755859375,4670900
2025-10-10,69.38999938964844,69.38999938964844,71.37000274658203,69.30000305175781,70.7699966430664,8290900
2025-10-13,70.27999877929688,70.27999877929688,70.88999938964844,69.9000015258789,70.30999755859375,4026900
2025-10-14,69.0,69.0,69.5999984741211,68.51000213623047,69.1500015258789,5106900
2025-10-15,68.98999786376953,68.98999786376953,69.86000061035156,68.70999908447266,69.70999908447266,4069300
2025-10-16,67.80999755859375,67.80999755859375,69.22000122070312,67.52999877929688,69.12000274658203,7635800
2025-10-17,67.9800033569336,67.9800033569336,68.16000366210938,67.44000244140625,67.72000122070312,5517900
2025-10-20,67.83000183105469,67.83000183105469,67.9000015258789,66.9800033569336,66.9800033569336,6113000
2025-10-21,68.2699966430664,68.2699966430664,69.13999938964844,67.04000091552734,68.05000305175781,10824400
2025-10-22,70.62999725341797,70.62999725341797,71.18000030517578,69.33000183105469,69.5199966430664,14092800
2025-10-23,73.29000091552734,73.29000091552734,73.98999786376953,72.86000061035156,73.11000061035156,9561300
2025-10-24,73.18000030517578,73.18000030517578,74.25,73.08999633789062,73.66999816894531,6467300
2025-10-27,73.12000274658203,73.12000274658203,73.81999969482422,72.7699966430664,73.20999908447266,4563100
2025-10-28,71.38999938964844,71.38999938964844,72.33000183105469,71.13999938964844,72.05000305175781,4540300
2025-10-29,71.80000305175781,71.80000305175781,72.63999938964844,71.73999786376953,71.80999755859375,4418000
2025-10-30,71.70999908447266,71.70999908447266,72.3499984741211,71.16000366210938,71.38999938964844,2787200
2025-10-31,72.55999755859375,72.55999755859375,72.88999938964844,72.01000213623047,72.56999969482422,7030300
2025-11-03,72.73999786376953,72.73999786376953,73.19999694824219,72.05999755859375,72.55999755859375,4473600
2025-11-04,71.93000030517578,71.93000030517578,72.5199966430664,71.77999877929688,71.91999816894531,3196200
2025-11-05,71.02999877929688,71.02999877929688,72.45999908447266,70.94000244140625,71.68000030517578,3309200
2025-11-06,70.87999725341797,70.87999725341797,71.11000061035156,70.12999725341797,70.62000274658203,4127300
2025-11-07,71.26000213623047,71.26000213623047,71.44999694824219,70.72000122070312,71.27999877929688,3627000
2025-11-10,71.68000030517578,71.68000030517578,71.7699966430664,70.86000061035156,71.58999633789062,2525500
2025-11-11,72.72000122070312,72.72000122070312,73.06999969482422,72.43000030517578,72.43000030517578,3677200
2025-11-12,69.79000091552734,69.79000091552734,71.08999633789062,69.63999938964844,71.08999633789062,5070800
2025-11-13,69.8499984741211,69.8499984741211,70.54000091552734,69.8499984741211,70.5,4174700
2025-11-14,71.37999725341797,71.37999725341797,71.95999908447266,71.12999725341797,71.31999969482422,4159900
2025-11-17,71.30000305175781,71.30000305175781,71.77999877929688,71.29000091552734,71.5999984741211,3647400
2025-11-18,72.5,72.5,72.68000030517578,70.91000366210938,71.31999969482422,5343000
2025-11-19,70.87999725341797,70.87999725341797,70.91000366210938,70.11000061035156,70.4800033569336,4790200
2025-11-20,70.1500015258789,70.1500015258789,71.79000091552734,70.0199966430664,71.2699966430664,5542200
2025-11-21,69.30000305175781,69.30000305175781,69.52999877929688,68.58000183105469,69.2699966430664,7120500
2025-11-24,70.41999816894531,70.41999816894531,70.58999633789062,68.8499984741211,69.2699966430664,4551300
2025-11-25,69.25,69.25,69.48999786376953,68.26000213623047,68.94999694824219,5888800
2025-11-26,70.04000091552734,70.04000091552734,70.19000244140625,69.05000305175781,69.06999969482422,3201800
2025-11-28,71.06999969482422,71.06999969482422,71.30000305175781,70.44000244140625,70.44000244140625,3363800
2025-12-01,71.05999755859375,71.05999755859375,71.33000183105469,70.61000061035156,70.61000061035156,4462800
2025-12-02,70.19999694824219,70.19999694824219,71.04000091552734,69.72000122070312,70.54000091552734,6339600
2025-12-03,70.66000366210938,70.66000366210938,71.30000305175781,70.37000274658203,70.75,3173600
2025-12-04,71.38999938964844,71.38999938964844,71.76000213623047,70.3499984741211,70.6500015258789,3957500
2025-12-05,71.91999816894531,71.91999816894531,72.33999633789062,71.30999755859375,71.33000183105469,4323600
2025-12-08,70.48999786376953,70.48999786376953,71.18000030517578,70.2699966430664,70.81999969482422,3073400
2025-12-09,69.86000061035156,69.86000061035156,70.41999816894531,69.66000366210938,70.37999725341797,3111300
2025-12-10,70.54000091552734,70.54000091552734,70.69999694824219,69.12999725341797,69.43000030517578,8096000
2025-12-11,69.25,69.25,69.29000091552734,68.30999755859375,68.58999633789062,8487500
2025-12-12,68.80999755859375,68.80999755859375,69.12999725341797,68.47000122070312,68.87000274658203,5306000
2025-12-15,67.88999938964844,67.88999938964844,68.52999877929688,67.61000061035156,68.48999786376953,6298800
2025-12-16,66.16999816894531,66.16999816894531,66.77999877929688,65.98999786376953,66.75,6816100
2025-12-17,67.9800033569336,67.9800033569336,68.05999755859375,66.83000183105469,67.22000122070312,7398000
2025-12-18,67.19000244140625,67.19000244140625,67.94000244140625,67.0999984741211,67.7699966430664,4713800
2025-12-19,68.02999877929688,68.02999877929688,68.19999694824219,67.44000244140625,67.73999786376953,4003300
2025-12-22,69.7300033569336,69.7300033569336,69.8499984741211,69.22000122070312,69.55999755859375,4491500
2025-12-23,70.30000305175781,70.30000305175781,70.36000061035156,69.44999694824219,69.62000274658203,3517300
2025-12-24,70.19999694824219,70.19999694824219,70.58000183105469,69.94000244140625,70.47000122070312,1596400
2025-12-26,68.4800033569336,68.4800033569336,69.76000213623047,68.18000030517578,69.66000366210938,4224500
2025-12-29,69.61000061035156,69.61000061035156,70.12999725341797,69.56999969482422,69.8499984741211,2758000
2025-12-30,69.73999786376953,69.73999786376953,70.33000183105469,69.6500015258789,70.27999877929688,2324200
2025-12-31,69.16000366210938,69.16000366210938,70.26000213623047,68.8499984741211,70.19999694824219,2218700
2026-01-02,68.95999908447266,68.95999908447266,69.1500015258789,68.1500015258789,68.43000030517578,5012300
2026-01-05,70.22000122070312,70.22000122070312,70.4000015258789,69.2300033569336,69.7300033569336,4987100
2026-01-06,68.51000213623047,68.51000213623047,70.73999786376953,68.45999908447266,70.5999984741211,5432900
2026-01-07,67.79000091552734,67.79000091552734,68.30999755859375,67.3499984741211,68.23999786376953,5317500
2026-01-08,70.54000091552734,70.54000091552734,70.6500015258789,68.38999938964844,68.79000091552734,6558600
2026-01-09,70.77999877929688,70.77999877929688,71.94000244140625,70.7699966430664,70.87999725341797,5925100
2026-01-12,71.6500015258789,71.6500015258789,72.0,70.47000122070312,70.95999908447266,5703400
2026-01-13,73.4800033569336,73.4800033569336,73.94000244140625,72.75,72.77999877929688,10694200
2026-01-14,72.61000061035156,72.61000061035156,75.16000366210938,71.41000366210938,74.26000213623047,17618100
2026-01-15,71.12999725341797,71.12999725341797,71.70999908447266,71.0,71.5999984741211,4748400
2026-01-16,71.6500015258789,71.6500015258789,72.5199966430664,71.56999969482422,72.30000305175781,4492100
2026-01-20,71.86000061035156,71.86000061035156,73.12999725341797,71.70999908447266,72.80000305175781,7577200
2026-01-21,73.33999633789062,73.33999633789062,73.45999908447266,72.5999984741211,72.83999633789062,4291300
2026-01-22,71.81999969482422,71.81999969482422,72.5,71.2699966430664,72.43000030517578,4973400
2026-01-23,73.94999694824219,73.94999694824219,74.05000305175781,73.37999725341797,73.76000213623047,5427600
2026-01-26,73.4800033569336,73.4800033569336,73.7699966430664,72.94000244140625,73.36000061035156,4486300
2026-01-27,75.66000366210938,75.66000366210938,75.70999908447266,73.69000244140625,73.94999694824219,6164600
2026-01-28,76.62000274658203,76.62000274658203,76.73999786376953,75.62999725341797,76.26000213623047,6508700
2026-01-29,79.13999938964844,79.13999938964844,80.37999725341797,78.16999816894531,80.11000061035156,13188800
2026-01-30,79.5199966430664,79.5199966430664,79.94999694824219,77.6500015258789,79.44000244140625,11586200
2026-02-02,75.33000183105469,75.33000183105469,75.66999816894531,74.45999908447266,75.5,8544400
2026-02-03,77.47000122070312,77.47000122070312,77.63999938964844,75.63999938964844,75.8499984741211,10887400
2026-02-04,77.87999725341797,77.87999725341797,79.37000274658203,76.19999694824219,76.5199966430664,17514900
2026-02-05,76.69000244140625,76.69000244140625,77.30999755859375,75.87999725341797,76.86000061035156,5989500
2026-02-06,76.98999786376953,76.98999786376953,77.98999786376953,76.16999816894531,76.23999786376953,6661500
2026-02-09,78.0199966430664,78.0199966430664,78.62999725341797,76.79000091552734,76.83000183105469,3201100
2026-02-10,78.02999877929688,78.02999877929688,78.44000244140625,77.27999877929688,78.30000305175781,6542000
2026-02-11,78.88999938964844,78.88999938964844,79.83000183105469,78.23999786376953,79.68000030517578,10313100
2026-02-12,76.37999725341797,76.37999725341797,78.06999969482422,75.70999908447266,78.0,7442600
2026-02-13,76.22000122070312,76.22000122070312,76.72000122070312,75.66000366210938,76.12000274658203,6172200
2026-02-17,75.7300033569336,75.7300033569336,76.4800033569336,75.18000030517578,76.20999908447266,9329600
2026-02-18,79.4000015258789,79.4000015258789,79.62999725341797,77.8499984741211,77.91999816894531,10251400
2026-02-19,81.19000244140625,81.19000244140625,81.2699966430664,79.69000244140625,80.43000030517578,11768000
2026-02-20,80.8499984741211,80.8499984741211,81.23999786376953,80.16999816894531,80.54000091552734,9427300
2026-02-23,80.9000015258789,80.9000015258789,81.91999816894531,80.5,81.48999786376953,5941200
2026-02-24,80.76000213623047,80.76000213623047,81.22000122070312,79.80000305175781,81.19000244140625,10649500
2026-02-25,79.7300033569336,79.7300033569336,80.13999938964844,79.31999969482422,80.0999984741211,6547300
2026-02-26,79.7699966430664,79.7699966430664,81.23999786376953,78.04000091552734,78.1500015258789,18725900
2026-02-27,81.94999694824219,81.94999694824219,82.12000274658203,80.58000183105469,82.0,12164700
2026-03-02,87.19000244140625,87.19000244140625,88.63999938964844,83.19999694824219,87.62000274658203,41780500
2026-03-03,90.19999694824219,90.19999694824219,94.37000274658203,87.33000183105469,94.0999984741211,50397900
2026-03-04,91.55999755859375,91.55999755859375,91.58999633789062,89.11000061035156,90.22000122070312,28457300
2026-03-05,96.30999755859375,96.30999755859375,98.83000183105469,94.05999755859375,94.45999908447266,47311300
2026-03-06,108.7699966430664,108.7699966430664,109.9800033569336,104.52999877929688,105.37999725341797,68722000
2026-03-09,104.33000183105469,104.33000183105469,124.06999969482422,98.47000122070312,119.41999816894531,142005400
